queue_length,active_counters,avg_proc_time,crop_type,hour_of_day,day_of_week,waiting_minutes
39,3,7.29,SOYBEAN,12,5,105.6
52,5,4.66,CHANA,9,1,44.0
29,4,5.76,SOYBEAN,15,3,40.5
15,5,6.62,PADDY,13,1,22.7
43,4,5.89,PADDY,10,2,83.4
8,4,6.92,WHEAT,16,2,12.2
21,2,5.04,COTTON,11,3,79.3
39,4,7.38,PADDY,10,4,93.2
58,4,5.66,PADDY,14,2,97.1
19,6,5.52,SOYBEAN,15,3,13.9
23,3,7.12,SOYBEAN,14,0,53.7
11,4,6.19,PADDY,8,4,18.0
11,4,6.05,WHEAT,8,2,13.8
24,4,6.68,SOYBEAN,12,3,43.8
53,4,6.24,PADDY,15,3,86.3
36,4,4.99,COTTON,10,0,69.4
40,3,6.52,SOYBEAN,15,0,80.6
24,4,4.9,PADDY,10,4,37.7
3,4,6.92,CHANA,11,5,9.8
22,5,7.47,SOYBEAN,14,2,31.4
53,5,5.63,CHANA,10,3,64.2
2,3,5.83,SOYBEAN,11,4,5.1
24,3,4.64,SOYBEAN,15,4,34.4
44,6,4.54,MAIZE,11,0,38.0
30,4,7.26,MAIZE,16,3,52.4
38,5,4.89,CHANA,11,1,42.1
2,3,5.84,WHEAT,11,5,4.6
21,4,6.95,PADDY,12,5,48.0
33,5,7.17,WHEAT,8,0,44.0
12,5,6.06,WHEAT,14,3,13.7
58,3,6.2,MAIZE,16,4,110.3
22,4,6.51,PADDY,16,5,38.9
44,4,7.38,MAIZE,8,4,75.6
25,2,6.31,MAIZE,13,2,80.8
49,4,6.18,MAIZE,10,1,86.7
27,4,4.54,COTTON,11,0,45.5
59,5,4.74,WHEAT,15,5,53.1
42,4,6.23,WHEAT,11,2,77.0
28,3,7.31,WHEAT,15,2,64.8
16,2,7.1,COTTON,11,1,85.1
15,4,7.45,SOYBEAN,16,0,24.2
47,3,6.08,CHANA,13,0,92.1
51,4,6.86,CHANA,8,4,77.5
44,4,7.02,COTTON,9,0,93.2
55,5,6.44,WHEAT,14,2,70.8
52,6,5.52,CHANA,14,4,44.1
57,4,5.91,COTTON,10,0,128.8
3,5,7.07,MAIZE,8,1,5.4
37,4,5.4,PADDY,15,2,54.1
51,4,7.27,CHANA,14,3,90.3
7,3,5.19,PADDY,15,1,14.4
21,4,6.75,WHEAT,8,1,33.1
9,4,6.39,CHANA,10,0,15.8
39,5,6.75,COTTON,9,4,62.9
18,4,5.81,SOYBEAN,8,4,23.3
4,5,7.3,CHANA,12,2,9.2
25,4,6.4,CHANA,10,0,42.2
14,3,5.36,CHANA,15,4,20.1
50,6,6.42,CHANA,13,5,51.4
58,4,5.36,COTTON,16,3,93.9
9,4,5.38,COTTON,16,5,15.1
26,4,5.7,SOYBEAN,13,0,38.1
53,3,7.06,COTTON,9,0,151.0
2,4,6.0,COTTON,16,4,6.8
20,4,6.54,WHEAT,9,1,32.9
28,4,5.68,WHEAT,10,0,45.7
47,6,5.29,PADDY,13,1,48.6
7,4,7.36,SOYBEAN,9,2,12.4
44,3,6.31,WHEAT,12,2,108.0
8,4,7.3,SOYBEAN,9,4,10.1
47,5,5.11,SOYBEAN,11,2,56.7
35,3,4.94,CHANA,10,5,60.9
14,3,7.07,MAIZE,12,5,39.4
17,2,6.54,MAIZE,13,5,58.3
36,2,5.06,MAIZE,14,4,92.5
50,5,5.31,SOYBEAN,15,4,50.8
40,4,6.9,CHANA,16,5,60.4
4,4,5.86,PADDY,11,1,8.0
2,4,6.51,PADDY,11,5,2.0
6,4,5.46,MAIZE,14,1,5.3
54,6,5.64,PADDY,16,2,53.7
42,6,7.47,CHANA,9,1,47.7
4,4,5.24,MAIZE,13,0,2.6
54,5,6.02,CHANA,15,3,57.0
29,4,7.03,PADDY,12,0,67.5
18,3,5.22,MAIZE,12,0,38.1
26,3,5.75,CHANA,15,4,45.0
44,4,6.35,COTTON,8,3,85.1
34,4,5.94,COTTON,13,4,67.8
10,6,5.88,CHANA,16,1,7.5
36,4,5.59,CHANA,13,5,46.9
14,5,6.26,WHEAT,14,1,17.5
31,4,6.37,WHEAT,11,3,56.6
48,5,6.46,SOYBEAN,8,2,55.8
15,4,4.71,MAIZE,16,1,16.4
8,4,6.39,SOYBEAN,13,0,12.3
14,4,7.36,SOYBEAN,10,3,29.0
23,5,6.12,PADDY,11,3,36.5
57,2,6.65,COTTON,13,1,255.8
40,5,6.17,PADDY,13,1,58.4
21,3,7.06,MAIZE,16,4,45.3
16,4,7.29,CHANA,11,4,29.9
45,5,5.05,WHEAT,12,0,53.5
18,3,5.81,MAIZE,12,3,42.0
47,3,5.68,CHANA,10,2,97.4
53,4,5.72,MAIZE,9,2,71.6
24,5,4.88,CHANA,15,3,21.5
26,2,6.94,WHEAT,16,0,87.5
25,5,4.61,CHANA,16,4,21.4
45,3,6.08,SOYBEAN,12,4,102.5
41,6,6.49,MAIZE,16,4,40.6
29,6,5.12,WHEAT,11,2,30.5
15,4,7.22,CHANA,9,2,20.0
45,4,7.02,SOYBEAN,10,0,90.4
1,4,5.91,SOYBEAN,8,2,2.4
25,4,5.73,COTTON,12,1,56.6
7,2,5.21,SOYBEAN,8,2,14.8
9,2,6.69,PADDY,8,4,33.8
24,2,4.9,WHEAT,14,0,62.7
1,4,6.54,WHEAT,9,3,2.0
44,3,7.03,WHEAT,15,3,97.7
8,4,5.19,CHANA,13,0,9.7
24,6,7.1,MAIZE,11,1,32.3
11,4,4.6,CHANA,16,3,9.0
51,4,7.24,PADDY,15,4,100.0
17,4,4.86,MAIZE,10,3,22.4
8,5,6.44,SOYBEAN,10,3,10.0
35,5,5.25,CHANA,11,4,41.7
35,5,7.01,MAIZE,16,2,43.6
33,6,6.04,SOYBEAN,16,1,29.5
59,2,4.91,MAIZE,12,4,165.9
5,5,6.21,SOYBEAN,16,4,8.1
42,4,5.72,MAIZE,13,5,63.6
39,3,6.48,CHANA,15,0,72.4
58,6,7.15,CHANA,15,1,58.9
41,3,5.73,PADDY,14,2,93.2
28,4,5.37,COTTON,11,5,57.4
7,3,4.54,WHEAT,11,4,12.0
9,4,6.22,CHANA,13,5,12.9
8,4,5.71,CHANA,16,2,9.6
12,4,5.62,SOYBEAN,14,5,18.2
34,4,5.05,COTTON,12,5,67.2
33,3,5.79,CHANA,12,5,71.9
48,5,7.45,MAIZE,15,4,65.5
55,3,5.39,COTTON,13,4,133.0
23,4,6.3,WHEAT,8,0,36.4
24,5,6.83,MAIZE,8,3,29.2
37,5,6.75,SOYBEAN,16,1,44.0
35,4,5.49,PADDY,15,0,52.3
44,4,6.33,MAIZE,13,2,71.0
40,5,7.11,WHEAT,8,5,51.9
22,5,4.55,MAIZE,9,4,17.4
27,4,5.81,COTTON,10,5,60.7
35,3,5.17,COTTON,10,4,91.5
1,3,5.67,WHEAT,9,1,2.0
35,3,5.75,COTTON,9,0,80.6
37,4,6.74,MAIZE,13,0,66.9
47,2,4.78,PADDY,14,2,132.0
14,4,6.04,MAIZE,11,0,24.1
3,4,6.19,PADDY,8,0,5.0
1,3,5.98,COTTON,13,3,3.0
5,5,6.7,MAIZE,14,1,6.3
26,4,5.65,COTTON,11,5,57.5
55,2,7.33,PADDY,13,0,236.5
14,5,5.95,COTTON,16,2,21.7
39,2,6.21,CHANA,11,5,134.3
27,4,6.98,SOYBEAN,11,4,53.4
9,4,5.33,MAIZE,12,0,12.3
15,4,4.73,CHANA,10,0,19.5
15,5,6.62,COTTON,9,5,23.3
26,4,5.95,COTTON,16,4,48.4
42,4,7.19,SOYBEAN,8,3,68.4
13,2,7.45,COTTON,12,1,72.9
51,3,5.7,SOYBEAN,12,3,107.1
32,5,5.75,MAIZE,15,2,31.4
39,4,5.72,PADDY,13,5,64.4
49,4,5.47,SOYBEAN,13,0,67.9
52,4,6.85,SOYBEAN,13,3,90.5
32,4,6.78,CHANA,11,1,58.4
4,2,5.94,COTTON,8,2,13.0
30,4,4.63,MAIZE,10,3,40.5
37,4,5.43,PADDY,13,0,60.1
23,3,5.38,WHEAT,12,1,49.8
39,3,6.93,SOYBEAN,8,0,81.6
45,2,4.76,WHEAT,12,0,129.6
15,4,6.92,COTTON,9,2,33.4
43,5,6.51,SOYBEAN,8,1,48.7
29,2,6.7,WHEAT,11,4,112.4
36,3,5.8,CHANA,13,0,65.5
13,3,6.54,WHEAT,14,1,31.5
32,4,6.33,CHANA,16,0,41.7
7,4,6.81,PADDY,12,3,16.4
59,4,5.84,COTTON,15,3,104.5
51,4,5.92,MAIZE,15,1,68.4
22,4,6.43,WHEAT,16,2,34.0
28,5,4.82,SOYBEAN,10,4,30.0
2,5,5.81,COTTON,10,3,4.7
42,3,7.42,WHEAT,16,2,96.2
45,3,4.61,SOYBEAN,14,4,67.7
57,3,5.45,SOYBEAN,11,3,114.7
53,3,5.44,MAIZE,8,4,90.5
6,6,6.4,MAIZE,14,5,6.2
28,4,4.82,SOYBEAN,13,0,35.4
28,3,6.39,MAIZE,10,1,68.3
44,4,4.79,SOYBEAN,12,3,59.3
44,4,4.78,WHEAT,10,3,64.3
20,3,6.68,PADDY,15,0,44.8
30,4,5.47,MAIZE,12,3,47.5
11,4,7.43,CHANA,13,3,19.7
58,4,4.61,CHANA,9,5,57.3
55,2,5.84,CHANA,15,3,140.0
28,3,4.84,PADDY,16,3,48.5
25,4,5.55,SOYBEAN,10,3,37.8
39,3,7.49,SOYBEAN,13,2,97.3
33,4,7.17,COTTON,13,3,77.9
1,4,4.64,CHANA,9,0,2.0
57,4,6.19,CHANA,15,5,78.5
27,5,6.44,SOYBEAN,12,3,40.5
57,4,5.13,CHANA,15,4,65.6
52,3,4.94,SOYBEAN,15,5,77.1
13,4,7.21,SOYBEAN,10,5,25.8
41,4,7.41,MAIZE,12,4,88.9
3,4,7.48,SOYBEAN,14,0,7.3
39,3,6.87,WHEAT,12,2,105.5
6,6,6.49,WHEAT,13,0,9.1
8,4,5.54,WHEAT,9,2,11.6
27,3,5.01,WHEAT,15,1,42.0
9,3,4.74,PADDY,12,4,18.1
37,2,6.58,COTTON,13,5,163.5
33,5,6.85,COTTON,8,5,52.7
51,3,6.98,SOYBEAN,9,5,106.3
42,3,7.24,CHANA,11,4,111.8
44,5,7.14,WHEAT,16,4,61.7
24,3,7.5,COTTON,13,2,81.1
15,2,5.23,COTTON,15,5,48.4
59,2,6.79,WHEAT,9,0,189.8
54,3,6.26,PADDY,12,2,147.9
32,3,5.28,PADDY,8,5,60.8
32,4,7.45,COTTON,11,4,89.3
24,3,7.19,PADDY,8,4,63.8
41,3,4.89,MAIZE,16,4,62.8
52,4,4.58,WHEAT,9,5,57.2
49,4,6.56,COTTON,14,4,106.5
49,4,6.31,WHEAT,10,1,87.8
58,4,7.31,PADDY,9,4,113.4
52,3,5.2,WHEAT,11,5,105.7
12,4,4.75,PADDY,14,2,18.2
39,4,5.28,PADDY,14,4,59.1
2,4,4.56,WHEAT,16,3,2.0
3,5,4.61,PADDY,10,1,5.3
49,2,7.24,MAIZE,14,5,183.3
37,4,5.56,SOYBEAN,13,4,49.8
49,3,5.73,WHEAT,14,3,98.4
56,4,4.56,SOYBEAN,14,5,66.5
17,4,5.31,WHEAT,12,2,26.9
59,5,6.91,PADDY,16,1,86.6
49,2,6.35,PADDY,14,4,184.2
2,4,6.76,COTTON,14,2,5.1
2,4,5.84,MAIZE,10,5,5.5
28,4,5.43,COTTON,8,3,47.3
54,4,5.95,SOYBEAN,12,5,91.4
23,4,5.47,PADDY,15,5,35.7
37,4,7.02,COTTON,12,1,97.6
32,3,5.39,PADDY,10,4,75.1
33,4,6.48,WHEAT,16,2,48.8
1,3,4.91,COTTON,9,1,2.0
19,6,6.56,SOYBEAN,10,3,21.3
2,4,7.24,COTTON,11,4,6.0
53,6,6.33,PADDY,8,1,58.5
44,3,6.18,CHANA,11,3,99.8
26,5,7.38,CHANA,11,3,42.8
32,5,6.38,MAIZE,16,2,37.4
6,4,5.28,PADDY,15,5,9.9
32,4,5.38,WHEAT,9,3,41.1
55,3,6.62,COTTON,14,3,160.4
4,5,6.71,CHANA,13,5,3.7
55,4,5.41,WHEAT,14,0,77.0
11,2,5.54,PADDY,11,3,40.3
56,3,7.47,WHEAT,12,4,164.0
59,5,4.81,PADDY,13,1,65.9
17,5,5.71,MAIZE,16,5,19.0
38,6,4.69,COTTON,9,5,37.3
24,4,6.96,WHEAT,16,5,38.8
5,3,4.78,COTTON,8,4,8.4
52,3,6.52,WHEAT,11,5,135.3
34,3,4.67,PADDY,12,4,74.0
6,2,6.52,PADDY,16,2,19.4
22,4,7.03,WHEAT,13,0,41.9
11,3,5.7,MAIZE,11,5,23.9
48,4,6.07,PADDY,9,0,78.5
16,5,5.7,SOYBEAN,12,5,19.0
33,4,5.4,SOYBEAN,15,4,38.3
9,5,6.91,COTTON,15,1,13.4
59,4,5.32,SOYBEAN,13,0,77.4
6,3,6.67,SOYBEAN,8,0,11.7
16,4,5.12,MAIZE,15,4,20.5
29,2,5.25,MAIZE,11,0,86.8
3,3,5.51,CHANA,9,2,3.9
20,4,6.27,CHANA,8,4,30.5
59,2,5.86,MAIZE,14,0,178.1
36,3,6.74,CHANA,9,0,71.1
19,4,5.14,MAIZE,11,0,29.4
26,6,4.53,CHANA,11,4,20.5
3,4,6.83,PADDY,8,1,5.4
19,4,6.96,MAIZE,9,3,30.3
20,3,4.68,COTTON,8,5,37.8
32,4,6.33,COTTON,13,0,69.4
7,4,5.63,MAIZE,10,3,12.4
52,4,6.88,SOYBEAN,8,3,77.3
41,6,7.12,COTTON,15,0,60.7
33,3,7.05,SOYBEAN,11,0,86.5
40,5,6.83,COTTON,14,5,74.0
39,5,5.31,WHEAT,9,3,38.7
18,2,6.94,WHEAT,13,1,65.5
40,4,6.1,MAIZE,13,3,64.7
1,6,4.66,COTTON,14,1,2.0
11,3,5.87,PADDY,8,2,24.8
28,4,7.33,SOYBEAN,8,1,46.2
57,6,7.16,COTTON,9,5,82.5
25,4,4.81,MAIZE,9,4,28.0
50,3,6.73,SOYBEAN,12,0,123.9
23,4,6.92,CHANA,8,2,30.7
31,3,5.31,MAIZE,9,3,50.0
30,4,5.91,COTTON,13,1,61.2
42,2,6.63,PADDY,10,2,186.2
35,4,5.82,CHANA,11,4,52.3
7,4,4.84,MAIZE,8,1,9.8
16,4,6.62,COTTON,12,5,39.1
26,4,7.23,WHEAT,11,3,53.4
48,4,6.46,COTTON,15,3,95.8
57,4,6.82,WHEAT,10,1,113.9
52,3,5.58,WHEAT,8,4,95.7
49,4,5.05,MAIZE,12,0,70.5
2,3,6.43,COTTON,8,0,4.8
1,5,5.48,COTTON,12,3,2.0
48,2,7.08,WHEAT,16,4,161.7
12,4,4.87,SOYBEAN,12,3,17.6
5,4,5.8,CHANA,9,0,3.7
37,4,5.69,PADDY,9,3,57.0
32,2,7.31,COTTON,16,1,141.7
59,4,4.96,CHANA,12,5,78.1
55,4,4.53,CHANA,15,1,52.3
9,4,5.21,SOYBEAN,11,5,14.6
41,4,6.96,CHANA,9,4,62.8
35,4,5.13,COTTON,11,0,66.9
19,4,5.22,MAIZE,11,4,29.9
48,4,4.89,MAIZE,16,4,55.4
16,4,6.65,CHANA,13,0,27.0
3,4,4.71,COTTON,13,2,7.2
20,3,5.49,COTTON,12,2,55.6
24,2,5.35,WHEAT,13,3,70.3
54,3,6.17,SOYBEAN,8,2,102.3
56,3,6.69,PADDY,12,1,166.2
33,4,6.1,WHEAT,13,5,50.3
24,4,7.29,PADDY,15,4,46.7
52,3,7.35,COTTON,11,3,192.9
11,5,5.58,MAIZE,12,4,14.5
49,2,6.83,WHEAT,11,0,197.4
8,4,6.72,CHANA,14,2,13.9
36,4,7.18,CHANA,13,0,63.6
38,4,5.84,PADDY,11,3,70.9
40,2,6.09,COTTON,13,5,165.8
20,4,5.75,MAIZE,11,1,31.0
35,4,7.05,PADDY,15,2,65.0
48,5,5.19,MAIZE,10,0,56.3
25,4,5.22,SOYBEAN,15,5,28.4
35,5,5.62,MAIZE,9,2,38.2
25,3,5.19,CHANA,13,4,42.0
29,4,6.18,WHEAT,15,1,43.6
18,4,4.9,WHEAT,8,5,21.9
46,4,5.46,WHEAT,13,2,63.1
18,3,7.24,MAIZE,16,1,39.6
2,4,5.73,CHANA,9,5,3.6
54,4,6.74,MAIZE,8,4,85.8
35,4,4.84,COTTON,9,4,48.9
16,3,5.24,CHANA,12,0,31.9
41,5,6.92,CHANA,13,3,55.8
36,2,6.79,MAIZE,8,0,112.3
33,5,5.66,MAIZE,14,1,39.0
4,5,7.36,WHEAT,11,0,6.6
33,5,7.23,CHANA,16,5,42.5
14,4,7.39,WHEAT,13,2,24.4
21,4,5.78,COTTON,16,5,36.4
48,6,5.09,SOYBEAN,8,0,38.5
20,3,6.38,WHEAT,11,3,51.0
56,4,6.55,MAIZE,9,5,86.6
8,4,4.88,PADDY,13,5,11.1
7,4,6.86,SOYBEAN,11,5,14.3
3,3,4.55,COTTON,16,3,5.3
17,4,5.95,MAIZE,10,5,27.8
33,5,5.49,SOYBEAN,8,1,32.3
48,2,6.72,MAIZE,8,4,152.4
12,5,5.44,WHEAT,16,3,14.1
59,2,6.98,MAIZE,16,1,190.2
51,4,6.28,COTTON,12,3,120.4
22,2,6.88,PADDY,9,3,79.2
55,2,7.47,WHEAT,16,4,195.4
22,5,6.54,WHEAT,15,2,28.8
46,4,7.45,COTTON,13,1,118.3
30,4,4.59,COTTON,14,3,44.1
38,3,5.51,SOYBEAN,13,3,71.0
38,4,4.82,PADDY,12,0,60.5
45,4,5.29,MAIZE,11,5,68.2
51,4,7.02,SOYBEAN,14,2,87.8
54,3,4.6,MAIZE,11,4,98.4
8,5,6.06,MAIZE,16,1,6.6
27,4,6.2,MAIZE,12,3,47.7
27,4,6.18,SOYBEAN,15,5,38.2
34,3,5.93,WHEAT,13,1,71.2
21,4,6.87,COTTON,11,4,56.4
30,4,4.9,WHEAT,10,2,42.0
33,4,5.43,PADDY,13,0,53.6
28,3,6.35,SOYBEAN,8,2,53.4
47,6,6.57,PADDY,9,0,54.8
33,3,5.71,COTTON,14,1,83.8
5,4,7.13,COTTON,11,2,13.7
48,4,5.75,CHANA,12,2,74.6
19,3,5.71,PADDY,8,2,37.9
4,4,4.61,WHEAT,9,4,3.6
35,3,6.15,PADDY,11,1,95.4
49,5,6.63,SOYBEAN,15,0,56.6
17,5,4.84,COTTON,11,2,24.6
44,5,5.42,COTTON,10,1,70.8
28,2,6.84,PADDY,10,5,126.4
30,4,5.6,PADDY,12,4,55.3
29,4,5.22,MAIZE,10,4,45.1
46,5,6.52,PADDY,15,5,64.8
53,4,5.09,MAIZE,12,1,78.4
6,5,7.19,SOYBEAN,14,0,8.9
35,4,4.82,SOYBEAN,15,1,37.8
41,4,6.62,WHEAT,12,1,79.8
37,3,6.0,PADDY,15,3,76.1
24,4,7.11,WHEAT,10,4,51.4
29,4,4.88,CHANA,14,0,34.6
49,4,6.53,SOYBEAN,15,3,74.0
46,4,6.22,COTTON,14,5,95.2
53,4,5.94,MAIZE,9,1,75.2
31,3,5.97,CHANA,15,5,53.7
35,4,6.67,COTTON,13,4,77.5
33,4,7.31,CHANA,10,3,67.8
52,4,4.77,WHEAT,11,3,73.8
21,2,4.56,WHEAT,14,0,52.8
32,3,6.92,MAIZE,10,1,85.6
23,3,4.82,SOYBEAN,8,0,34.6
33,4,7.46,MAIZE,13,3,64.9
3,2,6.36,COTTON,10,3,14.0
18,4,6.45,CHANA,13,0,28.6
25,5,5.1,MAIZE,10,3,29.7
42,3,5.22,PADDY,13,2,87.2
31,4,6.48,PADDY,11,4,64.8
54,4,7.23,SOYBEAN,11,1,110.3
58,5,7.45,MAIZE,9,4,81.8
3,4,5.09,COTTON,11,1,4.7
40,4,4.9,PADDY,11,3,63.5
46,5,4.67,SOYBEAN,14,0,40.4
24,4,7.1,MAIZE,12,0,52.4
50,5,5.38,SOYBEAN,15,3,47.5
32,2,4.51,COTTON,14,1,99.0
47,5,5.17,PADDY,16,3,51.4
22,4,5.52,PADDY,15,1,34.0
23,4,7.47,PADDY,16,3,46.6
2,3,6.07,WHEAT,8,3,7.0
27,4,5.11,PADDY,10,3,47.8
42,2,5.5,CHANA,12,0,125.8
2,5,5.49,WHEAT,16,1,2.6
26,5,4.56,MAIZE,15,5,23.1
17,3,4.91,WHEAT,14,3,33.2
40,5,6.59,WHEAT,9,4,50.2
33,4,4.86,WHEAT,13,4,40.2
9,4,5.19,SOYBEAN,11,0,13.5
43,4,5.55,CHANA,12,2,63.8
54,3,6.77,COTTON,12,5,184.5
48,3,6.25,PADDY,11,0,133.8
39,3,6.57,WHEAT,11,2,101.5
29,5,6.2,COTTON,11,0,53.4
42,2,6.55,SOYBEAN,9,4,123.8
55,5,4.51,COTTON,8,3,58.7
26,3,7.29,WHEAT,9,1,62.0
35,4,4.83,MAIZE,14,3,44.7
50,4,5.72,CHANA,8,4,60.8
25,5,6.81,COTTON,13,1,49.6
24,3,5.81,WHEAT,11,2,54.5
13,4,7.34,WHEAT,9,2,23.1
58,4,5.9,PADDY,10,4,112.6
7,2,7.12,MAIZE,14,1,26.3
57,3,6.93,PADDY,13,3,155.0
36,4,7.44,MAIZE,13,4,66.8
45,4,7.28,CHANA,15,2,73.3
20,4,7.19,PADDY,15,4,37.0
1,4,6.69,CHANA,13,3,3.0
8,4,5.6,SOYBEAN,8,0,9.8
46,4,4.82,SOYBEAN,14,5,55.4
16,4,6.57,MAIZE,15,5,25.2
14,5,7.44,MAIZE,12,5,24.3
12,4,6.68,PADDY,11,0,27.6
51,4,7.29,SOYBEAN,14,3,91.6
23,3,6.91,COTTON,13,1,72.8
15,4,4.99,COTTON,13,4,23.6
28,3,5.25,COTTON,10,3,72.6
34,4,5.53,SOYBEAN,11,0,53.5
2,4,5.0,COTTON,12,2,5.4
32,5,6.24,CHANA,16,5,35.4
23,3,7.43,WHEAT,15,5,56.3
22,4,6.78,MAIZE,10,3,41.9
51,4,5.77,PADDY,13,5,84.8
25,3,4.51,CHANA,8,5,34.1
58,3,5.44,COTTON,10,3,159.0
22,3,6.08,WHEAT,14,3,48.0
58,3,5.47,PADDY,14,0,122.9
58,3,4.83,CHANA,9,0,81.0
22,3,5.83,PADDY,10,5,59.1
49,3,5.26,MAIZE,14,3,88.1
52,4,7.23,SOYBEAN,13,3,95.9
42,4,4.81,COTTON,14,5,69.0
6,6,4.65,CHANA,16,1,3.6
15,4,4.52,CHANA,15,2,16.9
54,4,5.48,WHEAT,13,4,78.2
43,5,6.48,WHEAT,11,4,65.8
37,4,6.69,WHEAT,16,5,58.7
33,4,5.86,PADDY,14,4,57.5
8,4,6.55,COTTON,12,0,18.1
53,3,5.58,PADDY,9,0,106.2
44,3,6.5,COTTON,16,1,116.6
44,4,4.62,CHANA,14,5,48.3
5,4,5.67,PADDY,16,0,5.6
39,2,6.87,PADDY,16,5,142.2
4,5,6.91,PADDY,12,5,7.7
6,4,6.65,SOYBEAN,14,3,10.2
45,4,5.11,MAIZE,12,2,66.7
32,5,5.24,COTTON,10,2,51.7
52,4,7.49,COTTON,15,5,116.6
30,6,4.81,PADDY,15,2,25.5
47,4,5.04,SOYBEAN,16,2,53.9
35,3,4.89,PADDY,13,4,67.8
55,4,5.48,COTTON,9,4,93.0
40,4,5.13,MAIZE,10,3,59.0
52,4,5.99,MAIZE,13,1,80.2
16,6,5.93,CHANA,8,0,12.7
13,4,7.2,SOYBEAN,9,0,21.7
50,4,4.6,MAIZE,15,4,52.3
42,5,5.46,SOYBEAN,15,5,42.3
30,4,6.29,PADDY,13,2,57.2
19,4,6.31,CHANA,10,3,33.3
17,5,5.94,COTTON,9,1,26.5
56,3,6.95,MAIZE,13,4,132.8
19,4,4.69,MAIZE,8,5,18.9
28,5,6.95,WHEAT,13,3,40.6
58,4,5.98,COTTON,16,5,104.6
55,4,4.9,MAIZE,14,3,68.6
26,4,7.16,MAIZE,16,4,40.0
37,4,6.45,COTTON,9,3,72.8
26,5,4.99,CHANA,12,2,28.2
53,3,4.6,SOYBEAN,16,3,74.6
23,3,4.92,COTTON,14,1,51.6
9,3,6.33,SOYBEAN,16,3,16.9
12,4,5.04,CHANA,13,0,16.0
53,4,5.18,CHANA,14,3,67.6
1,5,4.58,PADDY,12,5,2.0
58,4,6.67,WHEAT,13,4,101.8
58,4,6.93,CHANA,8,0,90.1
1,2,6.89,CHANA,8,4,3.5
47,4,4.88,SOYBEAN,9,5,50.5
34,4,7.21,CHANA,11,1,64.8
32,2,6.52,COTTON,16,2,124.6
54,3,7.19,PADDY,14,1,149.2
48,3,5.84,PADDY,13,0,109.2
25,2,5.81,COTTON,8,5,88.1
40,4,6.85,MAIZE,12,5,77.8
45,3,4.78,CHANA,11,2,76.8
53,4,6.06,WHEAT,12,3,93.4
1,5,7.01,CHANA,16,0,2.0
16,4,6.99,PADDY,10,2,36.7
39,6,7.37,WHEAT,11,4,57.5
5,4,6.59,MAIZE,15,2,6.9
22,4,5.12,SOYBEAN,10,4,33.3
29,6,4.56,SOYBEAN,10,4,24.9
55,3,5.94,CHANA,16,5,96.5
3,5,6.04,CHANA,12,2,4.0
12,2,5.22,WHEAT,8,5,30.8
26,4,4.87,WHEAT,14,5,31.1
16,2,6.26,MAIZE,14,1,52.8
51,4,6.79,CHANA,13,1,83.7
37,4,7.48,PADDY,13,5,83.0
22,4,6.77,SOYBEAN,10,5,41.4
57,4,6.88,MAIZE,10,4,116.0
29,4,6.35,WHEAT,16,5,44.5
14,2,7.46,PADDY,8,0,54.2
28,3,6.42,CHANA,14,2,59.6
5,5,7.08,COTTON,14,0,7.9
47,4,7.34,WHEAT,15,1,80.2
49,5,7.29,MAIZE,13,0,75.4
30,5,5.64,COTTON,15,3,41.7
46,4,4.74,PADDY,8,3,58.1
52,4,5.02,SOYBEAN,8,1,58.1
5,2,4.68,PADDY,16,0,13.7
12,3,4.82,SOYBEAN,11,2,21.2
16,2,5.05,PADDY,10,1,53.7
26,4,5.52,WHEAT,13,3,36.0
26,4,6.13,WHEAT,16,1,37.8
48,4,6.64,MAIZE,11,0,92.3
21,4,5.13,COTTON,16,0,33.6
39,4,6.52,PADDY,12,0,84.5
36,4,6.61,PADDY,14,4,69.5
33,4,6.18,COTTON,10,0,77.4
30,2,7.21,CHANA,10,5,118.9
37,3,4.83,MAIZE,10,3,66.7
23,4,5.03,PADDY,15,3,30.5
58,4,5.79,MAIZE,13,4,86.6
10,4,4.88,PADDY,16,3,11.6
54,3,6.2,PADDY,16,3,120.1
5,4,5.7,CHANA,15,1,7.1
36,3,5.35,WHEAT,8,0,62.5
34,3,5.01,MAIZE,13,5,61.7
52,4,5.51,COTTON,11,5,108.6
31,4,6.32,MAIZE,11,1,56.3
10,4,6.23,CHANA,10,5,18.3
58,5,4.99,SOYBEAN,16,1,51.4
19,4,4.87,SOYBEAN,9,5,21.6
58,4,4.58,CHANA,8,3,59.6
32,3,4.54,CHANA,10,2,53.8
1,4,7.14,WHEAT,11,0,4.2
56,4,4.64,MAIZE,11,2,74.6
5,4,6.69,MAIZE,13,3,9.7
45,4,7.12,SOYBEAN,8,4,72.4
4,3,4.79,COTTON,8,1,8.2
16,4,5.81,MAIZE,9,5,22.0
24,5,7.39,PADDY,11,5,47.7
16,5,7.0,PADDY,14,3,26.3
55,4,5.97,WHEAT,13,5,84.0
2,4,6.79,WHEAT,16,3,3.5
49,4,7.0,SOYBEAN,14,2,86.1
28,4,5.54,COTTON,12,4,58.6
32,3,7.18,COTTON,13,1,103.5
27,4,5.91,CHANA,16,5,34.7
20,4,6.08,WHEAT,8,4,28.5
24,6,7.5,MAIZE,16,4,30.0
12,4,7.03,PADDY,13,4,28.2
50,4,5.59,MAIZE,11,0,82.1
35,4,4.53,PADDY,12,4,51.5
33,4,6.38,SOYBEAN,8,3,47.8
33,4,6.61,PADDY,14,0,64.4
51,3,6.45,MAIZE,15,0,103.1
43,4,7.4,MAIZE,12,4,92.3
37,5,7.09,COTTON,9,5,64.7
12,4,5.85,COTTON,15,5,24.0
3,3,4.69,WHEAT,14,5,2.2
1,4,5.93,MAIZE,16,5,2.0
33,5,6.57,SOYBEAN,11,3,50.0
40,2,6.32,PADDY,16,5,134.5
10,4,6.11,WHEAT,11,1,18.9
43,5,5.91,CHANA,10,4,54.9
44,4,5.38,CHANA,10,0,66.6
29,6,5.33,PADDY,9,1,29.2
13,4,6.0,PADDY,10,5,26.2
12,4,4.98,PADDY,15,1,18.4
31,4,5.52,COTTON,15,0,52.5
46,3,5.47,PADDY,9,5,89.4
2,3,6.26,CHANA,9,1,5.9
51,4,4.7,PADDY,9,3,61.7
50,3,6.99,MAIZE,14,3,120.1
35,4,6.19,SOYBEAN,13,4,54.5
23,5,6.51,CHANA,8,4,25.8
17,5,6.61,SOYBEAN,9,1,19.2
26,4,5.37,CHANA,8,0,30.4
8,5,5.91,WHEAT,14,3,7.7
29,4,7.37,MAIZE,13,2,57.3
26,4,6.8,CHANA,9,4,41.0
10,3,7.41,MAIZE,9,3,23.1
26,4,6.74,CHANA,9,5,37.8
34,4,5.03,SOYBEAN,15,1,36.3
51,4,4.69,SOYBEAN,14,3,58.7
41,4,6.23,CHANA,8,3,58.1
7,2,5.57,CHANA,11,1,21.2
4,4,5.33,COTTON,11,4,7.3
58,5,6.92,MAIZE,14,4,82.7
53,4,5.6,MAIZE,9,2,68.3
50,6,5.45,MAIZE,11,2,50.2
45,5,7.05,MAIZE,8,4,58.6
11,5,7.04,WHEAT,11,4,16.7
29,5,5.57,WHEAT,8,4,31.3
56,5,7.0,PADDY,9,4,84.8
36,4,7.05,CHANA,9,3,54.4
25,2,5.77,CHANA,10,2,78.6
21,4,4.7,CHANA,15,1,21.5
57,4,4.5,CHANA,13,0,60.9
36,3,6.07,MAIZE,13,1,71.5
10,3,5.53,MAIZE,16,5,15.6
37,6,7.49,WHEAT,15,0,42.7
9,5,6.82,SOYBEAN,9,3,11.3
24,5,6.78,COTTON,13,5,44.1
35,4,7.37,MAIZE,8,2,61.9
49,2,7.16,MAIZE,16,0,161.8
35,2,5.45,MAIZE,11,4,109.2
48,3,5.0,SOYBEAN,11,5,88.7
36,2,6.74,SOYBEAN,16,3,109.2
18,2,5.63,WHEAT,10,0,60.2
49,5,5.92,MAIZE,12,4,67.7
39,4,6.39,COTTON,8,5,73.0
32,3,7.22,CHANA,13,3,76.2
24,3,5.76,MAIZE,10,5,54.0
23,4,6.85,WHEAT,8,0,38.7
32,2,5.31,WHEAT,13,4,85.5
37,5,6.59,COTTON,9,2,60.6
12,4,4.5,PADDY,15,3,12.9
49,4,7.11,WHEAT,9,0,82.1
55,4,4.59,SOYBEAN,11,4,72.9
13,2,6.64,SOYBEAN,10,2,49.4
23,4,4.64,CHANA,16,5,22.3
25,4,5.3,WHEAT,9,4,32.7
35,4,5.99,CHANA,10,2,57.5
41,3,5.76,WHEAT,14,0,82.0
30,4,5.08,COTTON,11,4,58.2
17,4,5.5,MAIZE,13,4,23.5
49,5,6.68,WHEAT,10,1,77.9
20,4,6.51,PADDY,8,3,35.2
48,4,4.72,SOYBEAN,13,4,57.2
25,4,6.74,COTTON,11,2,66.5
22,4,4.66,MAIZE,9,3,25.3
13,4,6.13,MAIZE,14,0,22.0
59,4,5.28,SOYBEAN,12,3,86.5
19,4,6.26,MAIZE,13,1,28.3
49,5,5.28,CHANA,13,0,49.7
36,4,7.45,COTTON,16,4,80.9
12,5,5.43,PADDY,9,5,14.8
41,4,5.23,SOYBEAN,13,0,53.1
19,5,5.34,WHEAT,16,0,21.3
12,5,7.19,WHEAT,11,1,17.8
9,4,6.41,WHEAT,13,2,14.7
7,5,6.69,COTTON,14,0,13.2
28,3,7.25,PADDY,8,2,70.6
14,5,7.24,MAIZE,12,3,24.8
31,4,6.72,PADDY,11,5,70.1
52,2,5.09,PADDY,9,1,140.3
19,4,7.03,SOYBEAN,9,4,34.1
58,6,5.11,COTTON,9,0,58.4
47,2,6.73,WHEAT,14,5,164.0
16,4,6.56,SOYBEAN,11,5,28.7
53,4,6.78,MAIZE,13,2,92.7
5,5,6.1,PADDY,14,0,4.8
35,4,6.42,WHEAT,16,5,54.3
12,3,7.36,COTTON,9,1,39.5
25,2,4.8,CHANA,16,4,50.4
52,4,5.43,PADDY,12,3,93.5
59,4,6.33,PADDY,13,3,111.3
21,5,7.39,PADDY,13,2,37.7
36,2,4.79,PADDY,10,5,117.1
53,4,4.57,WHEAT,14,3,62.8
23,2,4.67,COTTON,14,2,75.1
16,3,4.66,SOYBEAN,15,4,22.3
57,4,7.22,WHEAT,12,0,120.7
39,4,6.66,COTTON,9,1,81.8
45,4,6.53,SOYBEAN,10,4,81.8
53,5,6.07,PADDY,16,4,70.0
42,4,6.85,COTTON,13,3,95.9
58,6,4.97,PADDY,15,3,49.2
39,5,5.68,COTTON,15,1,51.9
14,4,5.97,MAIZE,12,0,25.2
31,5,4.83,CHANA,8,4,24.6
58,4,5.76,PADDY,13,5,97.9
5,2,5.45,PADDY,14,3,15.0
35,4,4.61,PADDY,16,4,41.6
23,2,4.91,MAIZE,9,0,51.4
29,4,6.79,WHEAT,9,2,47.1
43,4,4.55,SOYBEAN,8,0,39.7
11,2,7.3,PADDY,12,4,54.3
18,3,4.76,PADDY,9,4,28.4
47,5,6.9,WHEAT,10,1,74.8
12,4,7.2,WHEAT,9,4,18.3
9,3,7.32,CHANA,11,3,24.3
10,4,7.1,COTTON,10,5,29.0
58,4,5.36,PADDY,16,1,82.5
44,4,5.5,COTTON,9,4,74.2
17,6,5.78,WHEAT,14,0,18.0
38,4,4.92,WHEAT,10,4,56.2
7,4,4.57,CHANA,15,0,5.5
46,5,7.11,SOYBEAN,11,0,75.7
13,5,6.16,MAIZE,11,4,18.0
40,3,6.33,MAIZE,16,0,79.0
42,3,7.28,MAIZE,10,5,117.7
9,3,6.5,WHEAT,14,2,19.8
50,4,6.57,PADDY,8,1,88.8
27,4,6.86,CHANA,14,4,45.7
58,4,4.85,SOYBEAN,9,2,60.2
2,5,5.58,MAIZE,13,0,2.9
5,4,7.4,CHANA,16,0,11.2
29,3,7.27,WHEAT,13,1,74.1
37,3,7.15,MAIZE,10,2,101.2
38,4,5.86,SOYBEAN,8,2,49.6
19,4,7.07,COTTON,11,4,49.9
8,4,4.65,SOYBEAN,11,0,8.7
48,5,4.95,PADDY,15,3,50.2
45,3,5.74,MAIZE,14,4,88.3
1,4,5.95,MAIZE,14,4,2.4
22,4,5.29,COTTON,14,4,38.3
52,4,5.57,COTTON,9,1,91.1
17,3,4.99,MAIZE,16,1,24.9
7,4,5.97,PADDY,13,4,12.5
25,2,6.88,COTTON,9,5,103.5
45,5,6.48,WHEAT,8,3,54.6
4,2,4.82,MAIZE,8,2,8.6
36,4,5.96,SOYBEAN,8,2,48.7
6,4,6.59,SOYBEAN,11,0,12.3
31,6,6.09,PADDY,11,2,40.9
19,3,5.68,WHEAT,16,2,31.9
44,3,6.37,COTTON,8,3,115.6
54,2,7.41,MAIZE,10,2,229.8
39,3,4.78,SOYBEAN,10,3,69.4
27,3,5.67,SOYBEAN,15,1,46.1
10,4,5.72,SOYBEAN,9,3,12.8
26,3,6.23,SOYBEAN,13,1,51.7
19,2,4.96,CHANA,11,3,52.4
39,5,5.03,PADDY,13,4,41.9
3,4,5.36,COTTON,12,5,7.5
45,4,7.37,MAIZE,16,1,78.9
13,3,6.7,MAIZE,16,1,28.4
50,6,6.49,MAIZE,8,2,49.9
28,3,6.95,COTTON,10,1,98.2
58,5,4.88,PADDY,8,3,59.3
20,4,7.08,WHEAT,13,4,37.3
28,2,6.28,PADDY,10,4,117.2
8,6,5.51,SOYBEAN,8,2,5.0
41,3,6.95,SOYBEAN,13,3,94.5
39,2,6.91,PADDY,12,3,177.3
1,5,7.04,PADDY,15,0,3.3
3,4,4.85,COTTON,9,1,3.0
13,4,7.41,COTTON,15,2,30.2
28,3,7.38,CHANA,12,4,74.7
57,4,5.57,MAIZE,15,5,73.7
49,4,4.7,CHANA,11,0,63.5
25,3,5.0,MAIZE,11,3,47.6
56,3,7.48,SOYBEAN,11,1,156.6
33,2,6.19,CHANA,13,4,100.3
38,3,5.57,CHANA,11,0,75.4
53,5,5.36,WHEAT,16,3,54.4
6,4,5.27,PADDY,16,4,9.7
58,6,6.49,COTTON,10,4,95.5
44,4,5.76,CHANA,14,3,63.1
45,4,7.4,COTTON,12,3,125.5
32,3,6.55,MAIZE,16,2,66.1
45,4,6.88,CHANA,9,4,69.3
47,3,5.38,MAIZE,10,3,94.9
21,3,4.74,CHANA,12,5,35.4
16,4,5.96,SOYBEAN,12,5,27.3
54,6,5.44,WHEAT,14,0,52.8
21,4,5.11,MAIZE,15,1,25.3
11,3,7.36,PADDY,15,5,30.8
37,2,5.83,PADDY,8,2,114.0
36,3,5.02,SOYBEAN,8,3,52.6
35,4,5.1,SOYBEAN,10,1,51.2
19,4,5.34,PADDY,8,2,26.8
20,5,7.5,MAIZE,8,4,26.7
57,2,5.3,PADDY,15,1,163.4
18,4,5.49,WHEAT,8,5,24.6
47,4,6.48,CHANA,16,2,67.5
41,4,5.38,WHEAT,9,3,54.8
49,4,5.15,PADDY,16,3,66.5
14,4,4.98,CHANA,14,2,18.9
15,4,5.44,PADDY,16,4,22.3
31,3,4.82,WHEAT,10,5,57.9
1,4,4.56,WHEAT,8,2,2.0
53,3,6.91,MAIZE,8,0,114.0
54,4,4.91,MAIZE,13,2,69.9
54,4,6.83,WHEAT,14,2,94.8
3,4,6.89,CHANA,16,5,2.0
16,5,6.11,MAIZE,13,3,19.0
23,5,5.43,MAIZE,12,4,28.8
57,5,4.94,COTTON,9,2,69.5
11,4,6.71,COTTON,9,1,21.8
12,4,6.3,MAIZE,15,3,18.2
10,4,6.47,PADDY,8,3,19.6
32,5,4.53,CHANA,15,2,22.8
16,4,7.28,SOYBEAN,14,5,28.9
8,6,4.7,MAIZE,14,1,10.1
38,5,5.6,COTTON,12,2,63.2
12,4,5.71,CHANA,10,1,17.4
24,3,4.5,CHANA,14,3,35.6
28,3,5.99,COTTON,14,1,74.4
53,5,6.76,CHANA,14,2,70.8
8,3,6.97,CHANA,9,0,20.0
58,5,7.14,COTTON,10,0,125.2
28,4,5.96,WHEAT,10,1,53.4
36,4,6.39,MAIZE,11,5,65.8
26,5,4.74,PADDY,16,2,26.0
8,4,5.96,SOYBEAN,8,4,9.3
58,4,4.96,PADDY,14,0,84.0
50,4,5.61,WHEAT,14,3,73.3
28,4,5.49,WHEAT,11,2,46.0
28,4,5.77,CHANA,8,2,33.4
37,3,6.21,PADDY,10,0,100.5
41,5,7.21,WHEAT,12,4,69.0
36,5,5.68,PADDY,9,3,44.9
27,3,7.44,WHEAT,14,4,70.5
54,4,6.78,SOYBEAN,14,3,91.4
17,4,6.03,WHEAT,12,0,30.4
9,3,6.43,PADDY,13,2,20.1
33,6,4.81,CHANA,8,3,25.5
53,2,7.03,PADDY,11,2,244.9
20,3,6.25,COTTON,11,1,64.2
13,4,7.46,PADDY,15,1,25.5
28,4,6.41,SOYBEAN,9,0,39.6
48,4,7.0,MAIZE,8,0,79.8
29,4,6.9,SOYBEAN,14,5,48.1
13,4,5.54,SOYBEAN,13,0,16.3
46,4,5.28,WHEAT,12,1,71.9
35,2,5.79,SOYBEAN,15,3,91.8
6,4,5.9,PADDY,9,4,10.6
18,3,5.22,MAIZE,9,0,30.2
51,3,7.18,CHANA,16,4,106.6
5,4,6.13,SOYBEAN,8,4,7.1
47,3,7.44,PADDY,13,1,136.8
25,3,6.93,WHEAT,10,5,70.3
2,3,6.17,WHEAT,12,3,3.4
10,5,7.34,CHANA,15,1,12.9
56,5,6.01,CHANA,14,0,66.2
30,4,7.16,PADDY,11,1,72.6
50,5,5.57,CHANA,15,1,47.7
59,4,5.64,CHANA,9,1,71.2
45,4,5.75,WHEAT,14,0,66.1
5,2,6.14,PADDY,12,0,19.8
55,4,6.16,MAIZE,13,1,87.5
56,4,5.99,CHANA,10,1,90.3
33,4,5.42,PADDY,14,4,53.6
54,4,7.28,SOYBEAN,14,3,98.0
1,4,6.27,WHEAT,9,4,2.4
18,4,5.72,MAIZE,8,5,24.2
32,5,6.45,WHEAT,9,3,36.7
47,4,6.8,WHEAT,15,5,74.2
49,4,7.38,COTTON,10,3,138.3
11,4,6.0,PADDY,11,1,20.4
21,4,4.84,SOYBEAN,15,4,24.2
26,4,5.82,CHANA,10,3,41.3
25,2,5.94,SOYBEAN,13,5,72.5
22,4,7.19,PADDY,9,3,43.2
59,3,5.68,WHEAT,10,0,131.2
27,4,7.36,COTTON,8,3,60.6
49,4,5.96,PADDY,16,1,77.3
13,4,7.42,MAIZE,11,2,23.8
33,3,4.52,MAIZE,13,0,52.2
34,4,7.2,PADDY,14,2,73.1
41,3,7.29,CHANA,9,1,86.4
35,5,7.38,SOYBEAN,15,2,47.6
1,5,4.54,SOYBEAN,16,3,2.0
21,6,5.02,CHANA,9,2,14.1
48,4,6.46,COTTON,12,4,117.5
55,4,4.58,WHEAT,9,1,58.7
6,3,4.69,WHEAT,12,4,10.9
28,3,5.16,MAIZE,14,2,48.2
17,4,6.04,COTTON,13,4,32.6
5,4,6.14,CHANA,11,0,8.6
31,5,4.6,PADDY,9,2,30.7
5,3,5.01,SOYBEAN,14,5,8.4
38,5,6.0,PADDY,16,4,48.1
3,4,6.28,SOYBEAN,8,3,3.2
53,4,4.95,PADDY,10,2,85.0
23,3,5.7,CHANA,14,5,40.5
37,2,7.21,CHANA,16,0,115.7
53,4,7.5,COTTON,12,3,151.6
37,4,7.46,PADDY,14,2,81.5
10,3,7.15,PADDY,14,3,28.5
10,4,5.68,COTTON,11,2,19.6
19,5,6.56,COTTON,12,2,37.9
17,5,5.75,CHANA,9,1,17.6
21,5,6.45,CHANA,15,4,26.0
14,4,5.43,MAIZE,8,2,17.7
9,3,6.32,PADDY,9,0,19.6
46,4,6.07,CHANA,10,5,74.6
1,4,4.57,CHANA,14,4,2.0
51,2,6.87,PADDY,13,1,205.8
45,3,4.54,COTTON,14,4,93.1
13,4,5.38,PADDY,12,4,24.5
4,3,4.52,WHEAT,11,2,5.6
1,3,5.63,PADDY,14,0,2.2
49,3,4.69,WHEAT,10,2,94.1
40,2,7.24,PADDY,14,0,168.1
32,4,5.75,WHEAT,9,0,43.4
34,4,5.88,WHEAT,15,3,48.6
28,4,5.55,PADDY,13,2,45.3
31,3,6.38,MAIZE,10,1,75.8
8,3,6.85,CHANA,10,5,19.1
39,4,6.44,SOYBEAN,12,4,68.8
26,4,6.74,CHANA,10,3,47.3
58,4,7.22,WHEAT,13,1,111.4
34,4,7.09,PADDY,9,5,62.2
54,5,6.52,PADDY,15,5,75.3
54,3,5.14,PADDY,16,2,100.1
3,4,6.41,PADDY,14,0,5.6
59,4,6.02,MAIZE,10,2,102.0
50,4,6.65,SOYBEAN,11,5,94.2
12,3,7.0,COTTON,9,2,32.7
1,4,6.73,WHEAT,16,3,2.2
54,4,7.04,SOYBEAN,12,1,106.3
44,3,4.69,CHANA,9,5,60.2
5,3,4.59,COTTON,13,3,12.8
30,3,5.28,COTTON,14,1,72.6
30,5,7.2,PADDY,9,3,48.2
59,2,6.97,SOYBEAN,8,4,184.4
57,6,6.55,CHANA,14,0,58.6
17,4,6.6,PADDY,8,0,30.6
48,6,6.68,PADDY,10,0,71.1
47,5,7.33,MAIZE,11,4,76.7
23,4,7.0,WHEAT,9,5,38.7
15,3,6.37,COTTON,14,5,45.9
37,3,6.5,CHANA,12,4,89.8
21,3,5.14,COTTON,8,0,42.7
14,4,6.47,SOYBEAN,15,0,21.5
2,3,5.77,WHEAT,14,1,2.7
11,3,4.96,PADDY,11,1,23.9
51,4,6.92,WHEAT,9,2,82.6
39,5,6.03,PADDY,14,3,53.6
38,3,7.43,WHEAT,9,1,90.8
34,2,5.35,PADDY,13,1,107.3
38,2,5.94,COTTON,8,1,138.0
50,5,5.84,COTTON,14,1,79.5
34,4,4.86,COTTON,14,4,55.8
18,3,5.78,COTTON,11,2,50.8
30,3,5.36,WHEAT,11,1,63.6
15,3,4.98,PADDY,12,5,32.6
27,3,5.35,COTTON,9,3,58.2
51,5,5.2,WHEAT,16,1,49.0
34,4,6.7,PADDY,11,4,73.0
52,4,4.59,WHEAT,16,5,55.9
57,5,6.35,MAIZE,10,0,84.6
38,3,6.78,COTTON,16,0,104.4
33,4,5.94,SOYBEAN,8,2,46.9
24,5,7.29,WHEAT,14,0,36.7
15,4,6.62,COTTON,11,1,37.8
30,4,6.74,CHANA,14,4,48.9
55,3,5.09,PADDY,13,2,108.2
42,3,6.83,MAIZE,11,5,110.6
51,3,7.0,COTTON,11,1,178.0
17,4,5.58,CHANA,15,0,20.6
5,4,5.14,WHEAT,14,3,4.1
29,5,5.66,WHEAT,11,1,38.6
4,4,6.72,CHANA,13,3,6.7
10,5,5.75,MAIZE,13,5,12.2
56,5,6.71,CHANA,8,3,63.5
17,3,4.84,PADDY,9,5,29.9
10,4,6.92,WHEAT,11,2,21.4
17,3,5.26,CHANA,13,4,27.4
20,4,5.25,SOYBEAN,13,0,27.6
24,5,6.27,SOYBEAN,8,0,27.4
5,3,4.71,CHANA,15,1,6.8
34,4,4.58,PADDY,9,0,42.3
6,4,5.28,WHEAT,12,2,11.8
53,4,6.11,SOYBEAN,11,0,90.6
2,4,7.22,CHANA,12,1,3.2
13,4,7.04,CHANA,12,0,28.0
43,2,5.97,COTTON,15,4,155.9
43,3,4.61,CHANA,14,5,64.4
48,2,6.11,PADDY,16,3,155.7
11,4,6.61,SOYBEAN,8,3,14.0
51,3,5.52,COTTON,13,5,125.6
47,5,4.83,SOYBEAN,13,3,47.0
57,4,5.34,SOYBEAN,9,4,67.4
23,4,6.81,PADDY,15,2,43.7
55,4,5.55,CHANA,13,1,74.9
16,4,6.94,PADDY,16,4,28.0
31,5,5.46,CHANA,12,1,34.9
11,2,4.99,COTTON,14,2,35.0
54,3,5.81,PADDY,13,4,122.3
16,4,5.86,PADDY,12,0,29.3
8,2,4.55,MAIZE,13,2,20.6
4,2,4.85,WHEAT,11,3,9.7
40,4,5.05,PADDY,10,4,65.5
4,2,4.84,MAIZE,8,2,11.3
56,4,5.52,WHEAT,8,2,73.1
25,3,7.39,CHANA,13,4,60.2
3,5,6.03,CHANA,16,3,3.9
32,4,6.38,CHANA,15,5,42.4
3,4,5.57,MAIZE,9,3,5.1
27,4,5.47,MAIZE,16,2,35.3
29,5,4.57,WHEAT,15,1,26.2
32,3,6.0,CHANA,16,5,54.9
50,5,5.95,SOYBEAN,11,5,67.1
58,4,4.97,PADDY,16,2,76.5
51,4,6.79,MAIZE,9,4,80.8
19,4,5.98,MAIZE,8,4,25.3
21,3,5.52,MAIZE,16,4,35.7
5,4,4.94,WHEAT,15,3,7.3
18,4,6.16,CHANA,14,0,23.9
28,2,6.76,SOYBEAN,15,4,84.8
42,4,5.35,PADDY,8,4,60.7
22,3,5.16,PADDY,16,5,38.6
21,3,6.07,CHANA,16,1,37.7
6,3,4.97,SOYBEAN,16,1,9.7
1,2,6.5,WHEAT,13,2,3.2
5,4,6.32,MAIZE,11,2,9.6
41,3,4.76,MAIZE,9,2,63.0
12,6,4.61,CHANA,11,4,9.0
26,4,6.36,PADDY,14,1,46.5
46,3,5.38,MAIZE,8,2,76.2
34,4,4.76,PADDY,16,1,41.6
49,5,6.78,PADDY,10,4,88.4
14,4,5.44,CHANA,11,5,20.0
26,2,5.88,COTTON,12,4,116.4
45,5,5.21,COTTON,10,2,71.3
27,4,6.38,COTTON,11,4,64.0
9,3,5.4,SOYBEAN,12,4,16.8
26,2,7.4,CHANA,8,1,82.0
57,4,6.61,PADDY,16,0,101.8
47,3,4.91,MAIZE,11,3,89.7
57,5,5.75,SOYBEAN,16,2,58.5
22,4,5.66,COTTON,11,0,47.9
47,5,6.1,WHEAT,8,5,52.8
56,4,7.03,SOYBEAN,12,2,109.0
30,3,6.25,SOYBEAN,16,0,54.9
43,3,4.68,CHANA,10,4,73.3
48,4,6.47,MAIZE,12,2,88.8
17,4,4.52,SOYBEAN,10,0,19.4
26,4,6.84,MAIZE,10,3,51.5
36,3,6.5,CHANA,8,4,69.0
1,3,5.43,WHEAT,9,2,2.0
8,2,5.38,PADDY,9,5,24.6
49,4,6.89,PADDY,16,5,91.1
35,2,6.85,COTTON,14,2,162.8
52,4,5.56,COTTON,15,0,89.0
15,4,5.4,WHEAT,9,2,19.6
47,5,6.18,PADDY,16,4,59.9
56,3,4.53,COTTON,10,1,127.1
22,3,4.75,MAIZE,9,5,31.6
14,4,4.88,SOYBEAN,8,0,14.1
26,4,5.06,CHANA,16,3,27.9
28,3,6.04,COTTON,15,2,66.3
23,5,7.48,WHEAT,11,4,41.9
14,5,6.46,PADDY,14,2,19.7
24,3,4.68,WHEAT,10,3,45.4
2,3,6.08,CHANA,10,4,6.4
45,4,5.99,CHANA,11,3,72.0
26,4,4.93,WHEAT,9,4,29.6
14,2,7.26,COTTON,11,1,77.5
59,4,5.82,COTTON,10,5,129.1
56,4,7.48,PADDY,15,4,110.3
51,3,5.76,MAIZE,9,3,91.8
7,4,6.32,PADDY,16,0,10.7
3,5,4.81,SOYBEAN,10,5,6.4
47,2,5.86,MAIZE,11,1,160.2
23,3,5.22,SOYBEAN,10,2,45.8
46,4,7.01,PADDY,10,1,106.4
43,5,6.85,MAIZE,15,1,57.7
47,6,6.97,MAIZE,15,2,49.7
45,4,6.67,SOYBEAN,13,4,76.0
18,4,7.0,WHEAT,11,1,35.2
58,4,5.1,COTTON,8,5,93.4
38,4,5.86,MAIZE,11,1,65.6
35,3,6.58,MAIZE,15,0,70.0
51,3,6.41,SOYBEAN,13,5,109.5
15,3,6.65,MAIZE,9,0,32.5
25,4,5.17,SOYBEAN,10,5,34.9
55,2,4.8,WHEAT,14,3,137.8
37,5,7.25,MAIZE,11,2,60.6
28,3,6.18,CHANA,11,5,63.3
10,3,4.96,PADDY,12,5,22.1
39,4,6.88,WHEAT,15,4,63.8
57,4,7.24,CHANA,14,4,98.5
17,2,5.01,WHEAT,16,3,40.1
39,3,6.95,COTTON,12,4,135.4
22,6,7.3,WHEAT,8,4,26.2
26,3,7.32,WHEAT,11,0,73.2
44,3,7.24,COTTON,13,4,141.6
25,5,6.14,MAIZE,13,4,32.8
17,2,5.57,PADDY,16,3,49.7
13,4,4.52,CHANA,12,3,18.6
20,4,4.68,SOYBEAN,12,1,26.5
25,3,5.79,PADDY,13,4,54.0
4,3,5.7,WHEAT,13,4,6.0
10,2,5.05,SOYBEAN,10,5,27.4
3,3,5.69,COTTON,13,4,8.8
41,2,5.02,PADDY,15,0,110.5
45,4,7.05,MAIZE,13,5,80.8
18,4,5.39,CHANA,12,4,28.2
47,4,6.3,PADDY,10,0,98.3
36,5,6.01,PADDY,8,1,45.6
47,4,4.66,MAIZE,12,5,65.0
22,2,7.33,SOYBEAN,13,2,79.2
34,5,6.08,COTTON,13,4,56.4
47,3,5.48,MAIZE,13,5,89.3
8,3,4.97,COTTON,10,3,21.0
40,4,5.52,MAIZE,11,5,63.5
49,4,4.56,PADDY,10,3,75.2
44,4,5.59,COTTON,9,4,77.5
19,3,6.09,SOYBEAN,15,0,34.6
42,4,7.12,SOYBEAN,14,3,74.6
41,3,6.56,CHANA,15,5,79.8
37,5,4.83,COTTON,13,5,47.7
6,3,4.94,CHANA,14,3,9.1
52,5,5.78,MAIZE,8,1,54.3
26,4,5.09,WHEAT,12,1,36.4
34,5,4.58,SOYBEAN,11,1,33.2
59,4,6.92,PADDY,10,3,136.1
56,4,4.56,SOYBEAN,9,3,56.1
59,3,6.99,WHEAT,16,5,131.4
45,3,4.93,PADDY,15,4,80.9
6,3,7.42,COTTON,9,4,18.3
37,5,6.31,COTTON,13,0,61.4
57,5,6.7,SOYBEAN,10,3,85.5
33,4,4.83,PADDY,10,4,53.2
53,3,7.09,MAIZE,12,4,145.3
22,4,7.02,PADDY,14,1,45.6
21,4,6.46,CHANA,14,1,33.7
6,4,6.01,WHEAT,8,1,10.1
6,4,6.66,COTTON,14,2,12.7
55,6,4.52,SOYBEAN,14,4,43.4
48,3,6.28,PADDY,13,1,118.6
4,4,7.04,COTTON,13,1,6.1
30,4,5.57,SOYBEAN,9,3,37.4
11,3,4.82,COTTON,10,5,26.5
30,3,5.76,SOYBEAN,10,1,66.2
31,2,6.68,COTTON,10,3,155.5
24,5,4.82,MAIZE,9,0,21.8
55,4,5.12,CHANA,16,1,59.4
9,4,4.94,WHEAT,13,5,10.4
55,5,6.89,COTTON,9,3,93.4
3,4,4.69,WHEAT,10,5,2.3
51,3,6.56,COTTON,13,1,151.3
31,4,5.6,PADDY,11,0,59.1
40,4,6.77,CHANA,14,1,67.2
37,4,7.39,MAIZE,13,3,72.7
36,4,4.84,CHANA,13,0,43.3
24,4,5.44,WHEAT,10,0,39.2
31,3,6.93,PADDY,15,0,77.1
6,5,5.3,SOYBEAN,16,2,5.8
2,2,5.15,CHANA,13,3,4.4
20,3,6.98,MAIZE,9,2,44.5
28,3,7.46,PADDY,8,5,74.8
11,2,6.17,PADDY,10,0,46.2
4,3,5.33,WHEAT,10,2,8.1
15,5,5.7,MAIZE,15,1,15.7
6,5,5.01,PADDY,12,2,8.3
54,3,6.79,PADDY,8,4,129.8
49,3,6.82,SOYBEAN,11,5,129.1
30,3,7.13,WHEAT,14,0,77.7
56,3,4.58,WHEAT,12,0,100.9
38,2,6.19,MAIZE,13,5,120.7
51,5,5.14,PADDY,11,5,70.0
57,3,5.52,SOYBEAN,9,3,94.1
2,4,6.85,COTTON,16,1,3.5
15,2,5.08,CHANA,9,5,33.3
11,5,6.42,WHEAT,9,5,12.9
8,4,6.46,SOYBEAN,9,3,11.9
26,5,7.36,MAIZE,8,5,36.2
51,4,6.83,SOYBEAN,10,2,92.8
45,3,6.91,PADDY,13,4,119.0
44,3,6.09,CHANA,14,4,85.1
5,4,5.06,WHEAT,8,4,6.4
6,4,5.78,COTTON,12,5,11.9
26,4,6.15,PADDY,12,4,56.3
54,2,6.54,WHEAT,8,1,169.0
4,2,6.32,MAIZE,11,2,17.6
19,4,5.68,WHEAT,8,4,27.0
20,4,5.3,SOYBEAN,8,0,21.5
33,4,5.0,CHANA,14,5,38.1
20,3,6.58,COTTON,14,2,58.2
49,4,6.44,CHANA,10,1,83.8
12,3,6.56,SOYBEAN,14,4,27.8
47,2,5.62,COTTON,10,1,199.2
1,4,5.29,COTTON,9,5,2.0
26,3,6.78,PADDY,11,4,79.7
14,3,6.82,COTTON,10,0,51.0
38,3,5.87,WHEAT,14,2,77.6
37,3,6.34,CHANA,8,0,66.2
11,2,5.62,MAIZE,13,4,30.0
36,2,6.61,MAIZE,9,3,112.4
13,3,7.01,CHANA,15,2,26.9
43,2,6.56,PADDY,12,1,185.2
3,4,6.04,COTTON,10,4,7.9
33,3,5.88,SOYBEAN,14,0,62.9
6,3,6.43,WHEAT,9,5,9.6
50,3,6.54,PADDY,12,3,141.0
56,4,6.18,COTTON,15,5,103.0
10,5,6.37,MAIZE,8,4,13.6
5,4,4.79,SOYBEAN,8,1,5.1
23,4,7.36,COTTON,10,0,63.8
10,4,6.87,PADDY,10,2,23.0
44,4,5.62,SOYBEAN,14,3,60.2
2,4,6.19,SOYBEAN,13,4,2.4
13,3,4.64,SOYBEAN,14,4,19.5
40,3,4.62,SOYBEAN,11,4,67.7
2,3,5.25,COTTON,9,4,3.5
20,5,6.57,SOYBEAN,9,0,23.5
1,4,7.06,COTTON,8,2,2.0
37,4,6.18,SOYBEAN,16,1,52.2
9,3,6.1,SOYBEAN,14,3,17.5
17,4,5.71,PADDY,10,4,34.4
9,3,4.98,COTTON,9,5,16.6
11,3,4.86,MAIZE,10,4,19.8
15,5,6.78,COTTON,14,2,27.9
24,4,7.28,CHANA,12,2,48.4
38,3,5.87,MAIZE,10,0,84.2
55,5,6.48,PADDY,16,0,75.7
35,3,7.24,COTTON,9,5,104.0
30,6,4.77,PADDY,14,5,25.6
31,3,6.81,MAIZE,13,0,72.3
49,3,6.35,PADDY,13,3,119.7
5,3,6.3,PADDY,14,5,11.1
44,3,5.38,WHEAT,13,0,82.9
50,3,6.55,COTTON,9,4,132.5
14,4,6.88,PADDY,12,0,30.1
53,5,4.84,WHEAT,10,3,62.4
56,4,6.1,WHEAT,16,0,80.6
11,3,4.8,SOYBEAN,15,0,16.7
9,4,7.12,SOYBEAN,9,4,16.7
34,3,6.02,MAIZE,8,5,62.5
12,2,6.92,COTTON,11,4,63.7
35,4,5.6,SOYBEAN,11,4,55.6
35,4,4.88,MAIZE,9,0,37.6
1,2,4.62,COTTON,14,4,4.9
40,2,5.34,MAIZE,10,2,123.8
22,6,5.23,WHEAT,14,1,19.3
29,2,6.18,WHEAT,14,1,91.7
8,4,4.57,COTTON,8,4,9.2
11,4,6.06,MAIZE,13,5,17.0
41,3,5.68,MAIZE,11,3,87.7
37,3,6.23,SOYBEAN,15,4,70.3
14,4,6.61,SOYBEAN,15,5,20.3
30,4,6.4,COTTON,10,4,70.2
35,4,7.45,CHANA,11,0,69.8
21,4,4.91,SOYBEAN,8,5,21.7
37,6,5.79,PADDY,9,3,36.1
5,4,5.77,SOYBEAN,14,4,3.9
19,4,5.75,CHANA,14,2,26.5
59,4,6.49,MAIZE,16,5,87.7
14,4,5.97,WHEAT,16,1,22.7
26,4,6.05,WHEAT,16,5,38.9
4,4,5.8,MAIZE,13,2,8.4
25,4,7.48,WHEAT,15,2,45.5
45,2,7.28,SOYBEAN,16,2,147.0
42,4,5.42,WHEAT,14,3,60.3
25,3,4.83,CHANA,11,3,43.3
18,3,7.02,CHANA,11,5,46.2
40,2,7.49,SOYBEAN,13,3,150.8
8,4,5.38,MAIZE,11,1,13.3
39,4,5.57,PADDY,14,0,63.9
40,3,7.32,SOYBEAN,15,5,88.2
14,4,6.63,WHEAT,15,4,22.4
32,4,5.39,SOYBEAN,15,4,40.6
51,3,6.24,CHANA,9,5,92.0
38,4,7.33,SOYBEAN,9,0,62.5
33,4,6.94,SOYBEAN,9,4,50.9
23,4,6.73,PADDY,9,5,41.4
15,4,6.71,CHANA,11,5,28.3
33,4,5.03,COTTON,12,2,63.2
25,2,6.97,COTTON,11,1,131.6
17,3,5.33,CHANA,12,4,34.4
33,2,7.29,COTTON,11,1,180.5
47,6,5.59,WHEAT,14,5,43.8
55,3,7.07,COTTON,8,0,158.2
2,3,5.3,WHEAT,8,5,3.3
14,5,6.04,CHANA,9,4,14.5
53,5,4.82,COTTON,8,1,60.2
40,4,6.48,COTTON,10,2,98.2
40,2,7.01,MAIZE,13,2,146.9
51,2,6.66,WHEAT,13,5,176.2
39,4,6.07,WHEAT,8,0,56.0
51,3,4.64,SOYBEAN,13,3,78.7
6,2,7.3,PADDY,12,4,28.3
6,4,6.62,COTTON,14,5,13.6
3,5,6.74,MAIZE,13,2,3.5
7,3,6.88,PADDY,14,2,19.1
51,4,6.74,MAIZE,9,0,79.7
8,4,5.82,PADDY,8,2,11.6
42,3,6.7,COTTON,14,4,126.0
52,4,6.38,MAIZE,16,0,77.9
15,3,7.06,WHEAT,9,1,31.2
47,3,6.91,SOYBEAN,14,0,109.0
29,4,4.62,MAIZE,10,4,37.7
33,3,5.64,CHANA,13,4,60.8
52,6,4.6,COTTON,10,1,59.3
30,3,4.81,COTTON,12,5,73.7
39,4,6.3,CHANA,9,0,53.6
27,4,7.12,PADDY,15,4,49.8
36,3,4.86,SOYBEAN,15,4,52.0
29,2,5.85,PADDY,14,1,101.6
38,4,7.23,CHANA,13,3,66.5
57,5,6.94,CHANA,8,0,68.5
33,5,6.06,SOYBEAN,15,4,37.8
37,4,6.81,CHANA,8,2,56.4
27,4,6.07,CHANA,15,1,34.5
55,4,4.97,MAIZE,9,3,63.4
33,4,4.87,SOYBEAN,15,3,33.6
4,4,5.07,COTTON,11,1,9.0
22,4,5.55,PADDY,14,3,35.9
2,5,7.29,COTTON,12,4,5.4
10,4,6.9,COTTON,15,3,18.1
5,5,5.8,MAIZE,13,0,5.5
59,4,5.98,PADDY,12,2,116.8
10,3,5.3,COTTON,8,4,18.3
33,2,6.61,SOYBEAN,10,1,123.3
54,4,6.91,PADDY,16,2,98.7
38,4,5.22,WHEAT,16,5,44.4
13,5,4.63,MAIZE,12,4,13.1
31,3,6.37,COTTON,10,2,100.1
47,5,6.19,CHANA,13,3,54.8
36,5,5.71,PADDY,12,5,54.2
45,3,6.43,WHEAT,8,1,91.0
24,5,6.15,CHANA,9,1,22.8
52,6,5.25,WHEAT,12,0,54.6
56,4,5.69,COTTON,16,3,98.1
15,4,5.78,CHANA,11,0,25.3
29,6,7.14,COTTON,16,0,42.0
8,4,7.38,CHANA,10,3,16.8
5,3,7.18,PADDY,8,4,10.3
29,5,6.66,SOYBEAN,13,5,38.9
47,4,6.25,SOYBEAN,14,0,72.8
4,4,6.57,WHEAT,11,2,7.6
12,3,7.32,MAIZE,12,5,32.2
45,4,5.25,CHANA,11,4,65.8
2,2,6.11,COTTON,10,3,6.7
27,5,6.57,MAIZE,8,1,33.4
31,3,6.54,PADDY,13,4,78.1
51,3,5.26,PADDY,12,0,121.3
51,4,6.26,PADDY,8,2,86.0
36,2,6.89,SOYBEAN,12,5,138.9
36,4,5.93,COTTON,13,3,70.1
26,5,6.88,PADDY,12,1,48.6
43,5,5.58,PADDY,8,5,46.2
27,3,7.32,WHEAT,12,2,78.3
5,3,6.1,CHANA,8,1,9.7
20,5,6.29,CHANA,10,3,28.0
11,5,4.59,CHANA,9,5,10.1
10,4,5.01,MAIZE,8,4,10.8
40,4,6.4,WHEAT,11,0,76.3
38,3,5.76,SOYBEAN,9,3,64.8
6,5,6.02,MAIZE,12,2,7.1
8,4,4.69,WHEAT,8,4,7.4
23,3,7.0,PADDY,8,5,56.7
47,3,6.85,COTTON,11,1,163.8
26,5,5.06,MAIZE,14,4,29.6
46,2,6.4,MAIZE,9,4,136.7
43,3,6.95,PADDY,9,2,105.1
12,4,6.42,PADDY,8,0,22.5
26,3,5.43,COTTON,12,4,71.7
13,2,6.47,CHANA,13,4,40.7
40,5,5.13,MAIZE,13,0,40.6
18,5,5.45,WHEAT,9,0,20.8
25,5,5.22,SOYBEAN,14,1,26.2
33,5,6.17,PADDY,13,5,47.9
47,4,4.82,PADDY,15,1,61.1
40,5,7.3,SOYBEAN,13,0,58.3
43,4,5.5,WHEAT,16,3,58.4
12,4,5.16,PADDY,9,0,18.0
44,6,5.99,SOYBEAN,14,1,43.0
36,3,5.33,PADDY,12,2,84.7
48,4,6.1,CHANA,8,2,63.1
4,4,5.55,CHANA,10,5,8.9
5,3,4.9,PADDY,11,4,9.7
56,2,5.3,PADDY,9,2,157.7
37,5,5.82,CHANA,14,1,42.1
8,6,4.59,PADDY,8,2,7.3
42,4,6.81,WHEAT,10,3,85.4
49,2,6.37,WHEAT,16,0,149.4
28,2,6.3,COTTON,9,0,108.4
31,5,6.14,WHEAT,12,1,44.3
58,4,6.27,MAIZE,11,4,104.3
9,3,7.3,MAIZE,10,0,25.4
54,4,4.53,MAIZE,12,2,69.8
51,3,4.64,PADDY,13,3,91.8
29,4,5.07,PADDY,8,4,38.5
14,5,5.0,SOYBEAN,9,4,15.8
40,4,5.04,MAIZE,8,4,49.3
41,4,6.52,MAIZE,10,0,76.9
22,4,5.88,WHEAT,15,5,27.6
11,4,7.48,CHANA,15,4,17.1
23,4,5.18,CHANA,11,1,33.7
1,3,5.43,COTTON,13,2,2.0
46,4,7.45,SOYBEAN,16,5,78.3
37,3,7.0,CHANA,14,3,84.2
21,5,5.91,COTTON,9,2,30.2
26,4,6.16,WHEAT,9,1,38.0
46,6,7.03,SOYBEAN,10,1,59.1
36,2,5.94,SOYBEAN,15,5,97.6
54,4,5.12,MAIZE,16,2,64.8
23,4,6.99,PADDY,10,0,52.4
57,4,6.11,MAIZE,16,1,79.9
1,3,4.96,WHEAT,15,4,2.0
54,4,6.02,MAIZE,12,3,94.5
55,4,5.74,SOYBEAN,10,3,88.2
51,3,7.13,MAIZE,14,1,124.5
40,3,4.88,COTTON,16,4,76.7
15,4,7.13,MAIZE,13,2,25.9
21,4,6.04,CHANA,10,3,32.6
47,3,5.71,WHEAT,12,4,106.8
9,3,4.99,WHEAT,14,4,16.0
53,3,6.6,SOYBEAN,15,0,104.8
9,4,7.28,MAIZE,11,1,20.6
10,4,5.63,SOYBEAN,9,4,14.1
52,5,5.22,SOYBEAN,9,2,50.7
57,6,6.16,COTTON,10,3,88.1
53,4,6.89,PADDY,15,0,95.0
26,2,4.51,SOYBEAN,8,2,55.5
41,2,6.39,PADDY,14,3,154.9
35,3,6.29,PADDY,13,1,87.1
52,5,5.45,WHEAT,9,2,54.9
25,4,5.85,CHANA,16,3,36.1
26,3,5.24,CHANA,12,0,49.2
11,4,6.87,MAIZE,9,3,19.7
38,4,6.4,COTTON,10,4,90.6
2,4,6.1,COTTON,14,0,5.3
7,3,5.68,CHANA,14,2,15.5
18,6,5.37,MAIZE,8,5,14.9
27,4,6.97,CHANA,11,1,48.2
34,3,5.85,MAIZE,13,0,69.1
27,5,6.0,MAIZE,15,0,29.9
17,2,6.06,MAIZE,10,0,60.9
43,5,5.85,MAIZE,10,3,57.4
59,6,5.27,WHEAT,15,4,52.8
44,4,4.86,WHEAT,15,5,51.0
59,4,4.8,CHANA,15,1,63.0
51,3,6.77,MAIZE,8,1,105.7
54,5,5.17,SOYBEAN,15,4,48.6
24,4,4.67,MAIZE,15,3,24.1
25,4,6.89,SOYBEAN,9,3,36.9
7,5,4.96,WHEAT,16,4,7.6
52,6,6.38,MAIZE,14,4,56.0
6,5,5.52,PADDY,15,2,5.1
53,3,4.88,CHANA,9,3,74.3
24,6,5.74,MAIZE,11,0,27.6
33,4,4.54,COTTON,14,1,51.4
49,5,7.02,SOYBEAN,13,3,70.2
29,4,6.04,MAIZE,14,4,44.6
43,3,4.92,PADDY,8,0,78.0
22,4,5.21,SOYBEAN,15,2,27.5
26,4,5.84,PADDY,14,5,42.9
28,4,5.07,CHANA,11,2,39.7
50,3,5.31,CHANA,8,0,77.3
21,4,6.1,CHANA,15,0,27.8
49,3,7.0,WHEAT,14,4,120.0
7,5,5.71,PADDY,15,5,7.5
17,4,6.65,MAIZE,8,4,27.8
20,2,7.13,COTTON,12,1,106.8
41,3,5.15,COTTON,16,5,84.7
49,2,6.92,CHANA,12,5,185.2
20,4,6.77,COTTON,10,1,54.4
54,3,5.57,SOYBEAN,16,2,89.8
22,3,7.47,PADDY,16,0,56.4
28,5,5.29,PADDY,11,2,40.8
40,5,5.26,PADDY,11,4,56.0
49,4,6.82,SOYBEAN,15,3,76.1
7,6,5.8,MAIZE,14,4,7.0
1,2,5.49,WHEAT,12,3,4.1
32,4,5.04,SOYBEAN,13,0,40.7
13,4,6.8,PADDY,10,0,28.4
30,4,6.86,PADDY,13,5,61.6
23,4,6.2,PADDY,15,0,38.7
51,4,7.37,MAIZE,16,1,86.9
59,4,5.45,COTTON,10,1,121.3
56,4,5.16,WHEAT,15,3,67.4
19,3,6.53,SOYBEAN,10,2,47.1
32,3,6.78,PADDY,9,5,77.6
30,3,5.17,CHANA,12,2,56.1
29,3,4.73,WHEAT,11,3,52.2
49,4,6.93,CHANA,12,1,89.1
45,3,7.43,WHEAT,13,4,116.7
29,5,6.43,PADDY,10,5,49.7
30,3,5.33,WHEAT,8,3,51.6
16,3,7.49,WHEAT,11,2,48.8
40,4,7.18,PADDY,13,3,83.9
19,2,6.04,MAIZE,9,3,51.0
18,4,6.98,CHANA,9,0,26.7
1,4,6.95,MAIZE,8,1,4.9
14,3,7.3,CHANA,16,5,32.3
51,2,7.02,COTTON,10,0,271.1
47,4,6.43,CHANA,9,1,65.4
50,2,6.33,CHANA,11,3,171.6
2,3,5.9,WHEAT,13,1,6.7
54,3,6.38,COTTON,8,2,139.9
28,3,6.89,PADDY,16,5,67.8
49,4,7.41,PADDY,16,0,98.5
50,4,5.9,SOYBEAN,15,5,63.7
30,4,6.22,COTTON,13,3,61.2
38,3,5.83,WHEAT,11,2,86.0
51,3,6.51,SOYBEAN,9,1,101.3
4,5,6.39,SOYBEAN,15,1,3.8
1,4,4.55,PADDY,14,2,2.0
8,5,6.12,CHANA,11,1,9.6
29,4,4.77,WHEAT,10,0,40.1
55,4,4.58,COTTON,13,4,84.5
39,4,6.87,SOYBEAN,8,1,60.7
3,3,5.28,WHEAT,9,3,6.5
32,4,5.52,PADDY,14,1,51.5
10,4,4.69,SOYBEAN,10,5,12.3
10,3,5.04,SOYBEAN,8,3,15.2
19,3,6.8,MAIZE,9,1,40.4
46,4,5.98,PADDY,16,1,72.3
34,5,7.14,MAIZE,14,3,47.4
33,4,5.69,PADDY,14,0,54.5
23,3,5.31,PADDY,15,4,44.5
55,3,5.54,MAIZE,15,4,94.5
28,4,6.64,WHEAT,16,0,46.0
32,3,6.17,WHEAT,9,1,63.2
50,6,7.21,WHEAT,15,4,56.3
7,3,6.31,CHANA,15,0,15.1
29,4,5.98,SOYBEAN,12,0,47.3
8,4,6.86,WHEAT,12,4,13.7
1,5,7.34,CHANA,11,3,2.1
57,4,5.57,SOYBEAN,12,2,87.8
55,4,5.25,WHEAT,9,3,68.5
3,6,6.35,PADDY,9,1,2.0
24,2,6.0,COTTON,12,3,108.7
23,5,7.47,WHEAT,10,5,41.3
59,3,5.89,COTTON,8,2,141.7
8,4,4.72,WHEAT,16,2,7.3
54,4,7.43,PADDY,9,0,104.7
57,3,7.03,COTTON,9,5,163.0
47,5,5.03,CHANA,11,1,50.8
37,2,7.21,PADDY,9,0,141.2
3,3,5.52,COTTON,14,3,7.2
51,4,5.63,COTTON,8,3,87.1
33,4,7.22,MAIZE,9,4,56.0
28,4,6.09,MAIZE,12,0,50.0
47,2,4.91,PADDY,9,5,124.3
8,3,5.61,PADDY,16,0,15.5
34,3,6.67,PADDY,11,0,101.3
35,3,5.02,SOYBEAN,16,0,53.8
32,4,6.27,CHANA,8,2,45.2
24,4,6.59,WHEAT,8,4,35.9
14,5,5.53,MAIZE,8,1,14.3
32,5,6.58,COTTON,11,1,66.5
56,3,7.15,MAIZE,16,1,122.2
46,4,5.92,WHEAT,15,2,67.3
43,3,5.65,PADDY,14,4,97.8
16,3,5.25,MAIZE,8,5,27.2
4,4,6.31,CHANA,10,4,4.8
52,2,7.14,CHANA,16,2,161.9
37,3,5.47,SOYBEAN,16,5,62.1
54,5,5.69,MAIZE,12,0,69.1
21,4,5.72,PADDY,13,3,36.3
14,4,6.18,COTTON,13,0,29.2
31,2,5.19,SOYBEAN,11,1,89.2
55,3,6.97,PADDY,8,0,134.2
48,5,5.39,SOYBEAN,12,2,60.2
18,3,6.62,MAIZE,8,1,38.1
7,4,6.04,WHEAT,8,3,9.8
10,2,6.26,MAIZE,12,5,36.2
7,4,5.04,PADDY,12,5,11.3
33,2,6.71,COTTON,14,1,146.0
23,5,5.07,COTTON,9,0,30.3
21,5,4.84,PADDY,13,4,24.2
19,4,6.14,SOYBEAN,9,4,27.8
48,3,6.63,CHANA,12,5,114.4
19,5,4.65,PADDY,11,4,23.5
36,4,4.71,MAIZE,12,1,49.5
29,4,6.91,COTTON,9,4,62.4
18,4,6.93,WHEAT,15,2,32.3
2,2,5.24,COTTON,15,5,5.8
1,3,6.35,CHANA,13,3,2.0
47,4,5.83,COTTON,10,4,103.1
5,3,6.4,CHANA,11,2,10.7
20,4,7.09,PADDY,8,2,41.7
11,4,4.74,COTTON,16,1,13.3
42,5,6.83,SOYBEAN,12,5,68.4
2,6,5.98,MAIZE,15,1,2.8
3,5,6.19,SOYBEAN,10,3,4.0
23,3,6.46,MAIZE,11,3,56.0
55,3,7.27,COTTON,11,0,201.2
12,4,4.67,COTTON,15,3,16.2
20,2,4.59,MAIZE,16,5,44.8
5,2,5.03,WHEAT,10,5,15.8
37,4,7.46,COTTON,14,1,95.2
38,4,6.65,WHEAT,16,2,59.5
30,6,6.34,WHEAT,9,0,30.3
9,3,4.64,MAIZE,11,3,16.0
34,3,7.14,WHEAT,10,2,94.9
53,3,6.94,WHEAT,15,1,114.9
44,5,6.49,PADDY,11,4,76.6
35,4,5.52,SOYBEAN,16,0,44.1
52,5,4.71,WHEAT,8,5,46.5
58,5,6.24,SOYBEAN,8,2,66.1
22,4,6.66,WHEAT,11,1,42.6
44,4,4.78,SOYBEAN,10,1,59.0
24,3,6.4,COTTON,10,0,78.6
17,4,5.36,COTTON,9,0,29.2
10,4,6.79,SOYBEAN,9,3,17.6
30,4,6.12,WHEAT,15,3,41.9
56,5,4.89,PADDY,8,5,56.8
59,6,6.08,SOYBEAN,15,5,52.2
46,4,5.69,CHANA,10,0,70.0
23,4,5.04,PADDY,9,0,30.3
32,4,7.02,CHANA,16,2,49.8
17,3,4.53,SOYBEAN,12,3,30.5
50,2,5.44,WHEAT,12,1,159.8
51,4,4.54,CHANA,13,3,56.8
17,4,4.79,SOYBEAN,11,3,24.7
14,2,5.39,PADDY,14,0,43.7
9,5,4.66,WHEAT,14,0,8.4
40,2,6.29,CHANA,16,3,110.0
2,3,4.76,SOYBEAN,13,4,2.0
45,4,6.61,WHEAT,8,4,71.4
25,3,4.66,WHEAT,16,5,35.1
39,2,4.68,COTTON,16,3,112.1
9,3,5.42,WHEAT,12,4,18.5
54,4,7.19,SOYBEAN,14,5,96.1
22,4,6.42,PADDY,8,5,36.1
43,4,6.81,MAIZE,11,3,85.5
46,4,4.92,COTTON,11,5,86.3
4,2,7.0,SOYBEAN,12,0,15.0
26,6,4.52,SOYBEAN,13,0,22.3
58,2,5.14,SOYBEAN,11,0,167.1
29,6,6.35,CHANA,13,1,29.6
45,4,5.63,CHANA,14,0,61.2
34,6,7.45,PADDY,10,0,54.8
23,3,4.59,SOYBEAN,16,3,30.3
37,4,7.5,CHANA,15,4,60.0
11,3,6.37,CHANA,8,4,21.4
6,2,6.18,CHANA,9,0,13.4
18,4,4.68,PADDY,9,0,20.2
21,3,5.32,PADDY,16,0,38.7
42,4,7.27,SOYBEAN,16,5,66.2
36,3,5.56,COTTON,16,3,79.0
41,3,6.48,SOYBEAN,8,3,81.2
38,4,7.5,CHANA,14,3,68.2
34,4,5.29,MAIZE,10,4,50.7
17,4,6.23,CHANA,16,1,23.3
37,4,6.59,WHEAT,15,4,58.1
25,5,4.99,MAIZE,10,3,30.6
38,3,4.95,MAIZE,8,2,55.7
58,4,5.87,SOYBEAN,16,1,75.4
12,6,5.66,CHANA,8,0,9.0
23,4,6.64,CHANA,10,5,42.1
53,4,4.71,COTTON,13,4,88.2
42,4,7.42,WHEAT,13,5,82.6
22,4,4.54,SOYBEAN,11,1,27.6
21,4,6.3,PADDY,9,2,33.4
27,2,6.19,SOYBEAN,13,1,81.3
57,3,4.9,MAIZE,12,4,109.1
31,5,4.95,SOYBEAN,13,3,29.4
6,3,6.88,COTTON,14,0,18.0
27,4,7.16,SOYBEAN,16,3,46.1
40,4,5.35,COTTON,14,3,69.3
34,4,5.81,MAIZE,11,4,57.6
12,2,5.56,COTTON,12,3,49.1
45,3,4.72,CHANA,13,3,70.8
57,6,6.52,PADDY,16,4,64.5
53,5,6.98,MAIZE,12,4,86.5
7,4,5.41,COTTON,12,2,11.6
10,4,7.47,WHEAT,14,3,21.9
45,4,4.73,MAIZE,9,1,50.9
17,4,6.49,WHEAT,10,0,31.7
26,4,5.84,PADDY,9,5,41.0
21,2,5.84,COTTON,9,0,76.0
28,4,5.87,MAIZE,10,4,47.8
58,4,5.28,MAIZE,13,5,78.1
46,6,6.65,PADDY,12,4,67.2
2,2,6.66,CHANA,12,2,7.4
54,4,5.35,WHEAT,9,3,68.7
43,4,7.01,MAIZE,9,4,70.8
1,4,5.45,SOYBEAN,8,4,2.0
51,3,6.68,WHEAT,10,0,132.9
53,4,4.86,COTTON,14,3,86.0
36,4,5.01,PADDY,12,2,60.3
51,3,5.45,WHEAT,14,4,94.9
26,4,6.28,SOYBEAN,16,4,37.1
29,4,6.44,SOYBEAN,13,4,47.7
21,4,5.69,PADDY,9,0,31.9
11,5,4.73,PADDY,8,4,11.2
40,3,5.62,WHEAT,8,4,70.7
11,3,6.57,COTTON,16,0,29.4
36,4,6.51,CHANA,13,4,56.0
49,3,4.98,SOYBEAN,13,3,80.9
59,3,4.52,PADDY,11,3,116.9
39,3,6.76,CHANA,9,0,76.5
40,2,4.82,CHANA,10,3,104.2
35,5,4.75,CHANA,10,5,34.3
54,3,4.51,COTTON,15,5,96.4
34,4,5.8,PADDY,13,5,58.1
55,2,6.01,SOYBEAN,14,2,165.8
47,4,6.41,PADDY,16,4,82.5
24,3,5.39,WHEAT,8,2,42.6
54,4,6.63,SOYBEAN,9,3,82.2
22,4,5.01,PADDY,16,0,29.7
5,3,7.0,SOYBEAN,12,5,13.2
56,4,6.22,WHEAT,11,0,101.5
33,3,6.25,MAIZE,8,2,62.7
58,4,5.13,SOYBEAN,16,3,67.4
36,3,4.72,MAIZE,16,4,51.5
47,5,5.89,CHANA,11,3,60.0
20,2,6.35,COTTON,16,5,73.4
19,4,4.79,WHEAT,8,3,22.3
35,3,7.35,SOYBEAN,12,0,94.6
52,3,7.44,WHEAT,8,1,120.4
43,4,6.14,CHANA,11,5,72.7
17,5,7.35,MAIZE,12,4,30.3
59,3,5.04,COTTON,10,5,149.5
45,2,4.58,WHEAT,9,5,96.7
43,3,4.62,MAIZE,13,4,69.2
34,3,6.26,CHANA,10,5,75.9
9,3,4.68,CHANA,8,0,12.0
26,4,7.38,CHANA,12,3,54.1
2,2,4.93,MAIZE,9,0,5.1
53,2,5.41,SOYBEAN,9,3,129.4
9,4,6.97,PADDY,11,1,20.3
9,4,5.16,WHEAT,11,5,13.8
40,3,5.23,PADDY,11,1,92.5
17,3,6.43,CHANA,14,2,33.5
1,4,5.33,PADDY,8,3,3.2
25,3,5.15,MAIZE,15,0,39.3
43,4,5.26,CHANA,16,0,49.1
40,3,5.97,CHANA,13,5,78.1
42,4,7.4,COTTON,11,0,117.1
25,3,7.0,COTTON,13,2,79.7
39,4,5.35,MAIZE,14,4,53.6
35,5,5.59,MAIZE,13,0,40.4
3,4,5.89,PADDY,8,5,5.0
50,3,7.44,WHEAT,12,1,146.8
37,3,5.02,PADDY,15,0,66.7
44,3,5.57,MAIZE,15,0,77.7
44,3,6.69,WHEAT,16,0,94.7
51,3,7.39,PADDY,11,5,164.9
30,4,4.97,SOYBEAN,13,4,39.3
38,4,5.18,SOYBEAN,14,0,46.6
34,4,5.18,WHEAT,12,4,51.0
12,4,4.56,COTTON,15,4,16.4
19,4,6.31,WHEAT,10,2,33.6
37,2,6.51,PADDY,15,1,128.6
44,5,6.31,CHANA,12,0,61.4
59,3,4.71,SOYBEAN,8,0,82.6
59,4,4.71,CHANA,13,0,67.8
49,4,5.13,SOYBEAN,9,4,58.0
17,4,5.37,PADDY,14,3,23.9
10,4,6.86,SOYBEAN,16,1,15.7
57,2,4.98,WHEAT,10,5,168.0
55,4,4.63,CHANA,11,0,67.8
49,4,5.68,MAIZE,11,3,78.7
47,4,5.75,CHANA,11,3,72.3
12,5,5.85,PADDY,10,3,18.3
16,3,6.98,MAIZE,12,1,41.9
24,3,4.79,CHANA,16,3,34.4
19,3,6.61,PADDY,15,5,45.2
8,3,5.51,COTTON,9,0,18.4
31,4,5.43,WHEAT,16,5,41.9
21,4,7.3,SOYBEAN,9,0,35.5
17,4,5.25,SOYBEAN,14,2,22.7
23,5,6.43,SOYBEAN,12,4,31.3
37,5,5.33,COTTON,14,3,54.7
54,5,6.02,WHEAT,12,5,78.6
16,2,6.86,CHANA,13,4,52.5
6,4,7.15,CHANA,15,4,8.2
8,3,7.02,WHEAT,8,4,18.9
25,3,6.25,MAIZE,8,4,45.7
18,4,5.25,WHEAT,12,4,28.5
25,3,6.48,SOYBEAN,8,0,51.0
12,2,6.63,CHANA,10,1,42.6
15,3,4.53,WHEAT,16,3,21.9
59,2,5.82,CHANA,14,3,165.9
26,5,7.03,WHEAT,13,0,39.9
41,2,5.97,PADDY,15,5,130.3
45,3,5.43,SOYBEAN,15,0,73.1
26,4,7.12,WHEAT,13,4,46.3
47,4,4.97,COTTON,11,1,88.3
32,5,5.12,WHEAT,11,3,38.6
10,2,6.56,PADDY,11,5,40.3
16,4,5.56,COTTON,13,2,28.4
7,4,6.64,COTTON,8,0,13.2
17,5,4.97,WHEAT,9,2,15.2
23,4,5.26,PADDY,13,3,35.5
26,5,4.97,COTTON,8,0,31.3
21,2,7.36,SOYBEAN,16,3,69.6
22,4,5.72,MAIZE,13,0,35.7
58,4,5.51,SOYBEAN,14,5,79.1
7,5,4.54,CHANA,8,3,4.3
14,3,4.96,CHANA,15,2,22.6
15,3,5.76,PADDY,12,1,40.3
53,3,4.71,COTTON,12,5,123.9
7,2,6.03,SOYBEAN,13,5,22.9
9,3,5.87,SOYBEAN,14,0,14.8
51,6,6.8,MAIZE,14,2,63.8
48,4,6.48,PADDY,12,3,105.4
8,4,5.84,COTTON,8,2,15.0
50,4,5.17,PADDY,16,5,70.1
59,4,6.68,WHEAT,13,0,104.1
23,3,6.62,SOYBEAN,16,2,44.8
29,3,4.96,PADDY,11,3,65.2
18,3,7.24,PADDY,9,4,48.3
31,4,4.69,MAIZE,10,5,41.0
30,4,4.67,WHEAT,11,1,41.2
52,2,5.06,CHANA,15,1,113.2
39,4,7.23,SOYBEAN,10,5,78.9
35,5,6.06,MAIZE,15,4,39.1
18,5,6.86,PADDY,13,0,30.9
59,5,5.18,SOYBEAN,11,2,71.0
42,4,5.97,CHANA,14,2,59.0
39,3,5.57,PADDY,12,4,96.9
17,4,6.98,WHEAT,12,4,36.3
14,3,4.57,SOYBEAN,16,3,16.6
31,4,5.23,MAIZE,10,3,48.3
24,4,4.96,WHEAT,11,1,32.9
35,2,7.08,CHANA,12,0,133.7
44,4,5.9,CHANA,8,0,55.4
45,5,5.71,SOYBEAN,14,4,48.9
34,3,5.85,CHANA,15,1,59.6
3,5,7.42,COTTON,13,1,4.6
37,2,7.05,MAIZE,16,3,120.8
43,4,6.62,SOYBEAN,10,2,79.8
40,4,5.37,COTTON,9,0,66.4
26,4,5.0,CHANA,12,1,33.8
55,5,7.26,SOYBEAN,16,3,72.8
23,5,5.77,COTTON,8,3,31.9
44,4,5.34,CHANA,8,3,49.8
39,3,5.91,PADDY,10,2,103.1
15,5,7.25,PADDY,10,1,31.9
56,2,5.66,WHEAT,12,4,187.4
49,5,6.19,PADDY,11,4,79.2
4,3,6.91,COTTON,13,3,11.3
29,2,5.78,MAIZE,15,3,79.3
22,4,5.2,PADDY,15,2,30.5
25,3,7.48,SOYBEAN,11,3,68.3
13,3,7.37,SOYBEAN,8,5,26.3
18,3,7.03,SOYBEAN,14,1,42.6
33,2,6.57,PADDY,13,3,125.5
16,3,5.38,PADDY,12,3,37.3
45,2,7.24,WHEAT,11,1,194.7
42,4,5.33,MAIZE,13,0,56.3
44,2,6.9,MAIZE,15,5,143.0
2,4,7.25,CHANA,13,5,2.0
55,3,6.31,WHEAT,10,4,137.8
35,5,6.91,COTTON,16,3,59.7
42,5,6.88,SOYBEAN,10,1,65.5
34,3,5.08,PADDY,11,4,75.2
30,4,6.5,CHANA,12,2,53.9
59,5,4.78,CHANA,9,0,49.9
55,6,6.02,PADDY,9,3,61.6
13,4,4.99,WHEAT,13,0,16.1
13,2,5.75,CHANA,9,3,34.6
18,4,7.0,MAIZE,8,3,28.0
32,4,7.46,WHEAT,15,3,56.3
32,4,5.45,PADDY,8,0,45.5
35,3,6.1,WHEAT,13,5,73.9
59,5,6.03,MAIZE,8,2,66.1
39,6,7.36,SOYBEAN,15,5,45.4
46,3,5.94,PADDY,12,1,121.0
52,2,6.6,MAIZE,10,1,200.2
29,3,7.27,PADDY,12,5,92.8
49,5,5.62,MAIZE,8,2,53.2
29,4,7.21,MAIZE,8,2,49.0
53,4,7.25,CHANA,11,3,103.1
44,4,7.29,CHANA,16,3,71.7
57,4,5.31,CHANA,16,1,68.4
16,3,5.7,SOYBEAN,8,3,28.4
56,4,7.11,SOYBEAN,10,3,112.8
44,4,5.58,MAIZE,11,2,72.9
47,6,6.3,COTTON,9,0,59.6
57,5,4.85,PADDY,14,5,64.0
10,5,4.67,CHANA,10,4,10.7
30,4,5.74,PADDY,8,4,48.4
25,4,6.24,MAIZE,8,3,36.7
39,4,5.68,WHEAT,10,3,66.3
20,5,6.23,MAIZE,13,5,25.8
5,3,6.05,SOYBEAN,11,4,11.7
1,3,6.56,COTTON,8,2,2.0
30,3,6.45,WHEAT,14,4,68.5
49,4,5.77,PADDY,9,4,76.6
3,3,5.77,SOYBEAN,12,4,4.2
45,3,4.92,CHANA,15,3,62.3
14,2,6.04,WHEAT,14,3,41.8
56,3,6.26,SOYBEAN,15,5,107.7
30,5,5.93,PADDY,13,4,40.5
50,3,5.48,MAIZE,14,3,94.5
4,4,6.66,PADDY,16,5,9.8
18,4,4.72,WHEAT,13,4,22.8
37,5,7.24,WHEAT,16,2,51.7
25,3,4.56,MAIZE,9,3,34.1
48,6,7.39,WHEAT,9,0,56.6
1,4,5.89,COTTON,9,5,2.0
53,6,5.74,CHANA,13,3,46.1
46,5,5.27,SOYBEAN,9,2,43.8
15,3,4.53,MAIZE,10,2,26.7
9,2,5.32,PADDY,15,3,24.7
15,3,4.83,PADDY,15,1,24.6
49,4,6.48,CHANA,11,5,85.8
57,3,5.46,WHEAT,16,4,97.4
24,3,6.8,WHEAT,15,4,52.8
4,4,5.12,PADDY,8,2,6.1
12,2,7.2,CHANA,15,3,40.2
59,3,6.07,PADDY,8,1,126.5
58,4,4.84,WHEAT,11,5,83.0
37,2,5.7,MAIZE,13,0,108.8
37,4,5.12,SOYBEAN,14,4,46.7
43,4,5.1,WHEAT,11,5,61.7
6,4,6.02,MAIZE,15,5,9.1
39,5,6.52,SOYBEAN,15,1,49.4
56,4,7.23,COTTON,16,5,124.7
46,4,6.01,CHANA,13,4,69.7
24,4,7.4,MAIZE,11,3,52.7
11,5,7.32,COTTON,9,4,19.4
13,5,7.1,WHEAT,14,0,20.3
34,5,6.0,CHANA,10,3,45.9
25,4,4.92,MAIZE,10,2,33.2
7,3,5.15,WHEAT,10,1,14.9
52,3,6.44,CHANA,11,4,121.1
4,2,5.77,CHANA,9,3,12.3
59,5,4.94,WHEAT,12,5,69.3
8,4,5.94,WHEAT,10,3,10.3
20,4,4.55,MAIZE,12,4,27.0
29,3,6.7,CHANA,14,2,59.5
54,5,4.72,MAIZE,16,4,49.4
53,3,6.39,CHANA,9,2,97.5
51,2,6.88,MAIZE,16,5,161.6
45,4,4.9,WHEAT,13,4,56.7
46,4,6.06,WHEAT,13,3,71.8
10,4,6.84,PADDY,10,0,22.4
43,5,5.28,MAIZE,16,0,41.0
34,3,4.99,PADDY,11,5,74.3
57,4,5.51,PADDY,12,3,101.5
26,4,6.16,COTTON,10,0,60.1
41,3,6.23,CHANA,12,5,94.5
49,5,4.89,SOYBEAN,15,2,42.6
58,4,5.87,COTTON,15,3,104.5
3,4,5.3,CHANA,15,2,2.0
56,5,7.03,SOYBEAN,13,3,79.4
6,4,5.44,PADDY,8,2,10.4
5,3,7.02,SOYBEAN,13,2,13.8
5,4,5.79,WHEAT,14,0,7.9
54,3,6.68,WHEAT,16,3,115.2
47,3,6.03,MAIZE,15,4,86.0
23,2,6.37,CHANA,15,0,63.4
49,4,5.69,COTTON,14,2,92.4
9,4,6.8,PADDY,9,2,16.8
35,3,5.78,CHANA,8,4,58.1
20,4,5.87,PADDY,9,4,32.3
58,5,6.05,WHEAT,13,2,77.4
49,3,7.0,COTTON,9,4,139.9
59,3,6.48,COTTON,11,1,194.5
42,4,5.55,WHEAT,10,0,67.0
35,3,6.51,SOYBEAN,13,3,75.6
50,4,6.43,COTTON,15,4,98.0
18,2,7.29,SOYBEAN,13,4,65.6
17,4,7.02,PADDY,9,1,34.5
24,4,6.44,COTTON,12,3,57.3
3,4,5.52,MAIZE,13,1,4.7
32,5,6.84,WHEAT,16,3,37.9
35,5,6.23,SOYBEAN,13,0,44.1
38,4,7.46,MAIZE,12,4,82.7
13,4,5.24,PADDY,8,0,18.1
56,2,4.74,PADDY,12,3,176.0
47,4,4.71,COTTON,12,4,82.7
25,2,6.42,COTTON,13,1,106.0
9,5,7.32,MAIZE,14,2,12.1
4,3,4.51,CHANA,11,1,5.2
14,4,6.68,CHANA,14,2,20.6
37,3,6.47,COTTON,12,1,118.5
34,4,6.7,CHANA,13,3,53.7
11,5,5.57,WHEAT,11,0,13.9
41,4,6.96,MAIZE,15,2,66.6
56,5,4.63,WHEAT,16,3,47.5
3,3,6.77,CHANA,9,0,4.5
59,4,5.3,COTTON,11,0,117.2
28,5,5.93,WHEAT,15,4,32.2
29,3,6.97,PADDY,15,4,69.9
9,6,5.31,COTTON,16,4,8.9
3,3,5.06,MAIZE,10,2,7.3
25,2,6.54,SOYBEAN,8,2,72.6
34,5,6.1,SOYBEAN,16,0,35.6
12,2,6.04,COTTON,8,2,44.0
42,6,5.27,CHANA,10,0,38.8
9,6,4.6,WHEAT,10,3,4.0
15,3,5.73,WHEAT,16,1,27.5
40,4,4.82,COTTON,8,0,59.9
25,3,7.22,PADDY,14,0,70.7
5,4,4.62,MAIZE,9,3,6.9
11,2,5.79,CHANA,14,4,31.8
59,3,4.66,PADDY,8,5,96.2
34,4,4.79,COTTON,15,4,52.5
24,4,6.48,COTTON,9,4,47.7
15,6,6.44,PADDY,10,0,21.9
38,5,4.6,SOYBEAN,15,0,30.1
8,4,4.5,COTTON,10,2,11.3
59,4,4.74,MAIZE,8,2,63.4
5,5,6.79,CHANA,16,1,7.3
48,3,6.25,PADDY,15,1,109.0
26,4,4.61,SOYBEAN,11,5,34.1
18,6,5.96,PADDY,15,2,19.2
6,3,6.64,SOYBEAN,12,0,16.3
37,4,7.11,SOYBEAN,10,3,75.8
48,5,7.3,MAIZE,8,2,63.1
13,5,5.48,CHANA,12,0,17.9
28,4,4.91,COTTON,13,2,45.6
5,3,5.21,SOYBEAN,11,4,11.4
13,3,6.83,COTTON,14,2,38.2
17,2,7.41,CHANA,10,5,70.0
50,4,5.9,COTTON,14,4,97.0
40,2,5.42,MAIZE,8,0,102.5
45,5,5.79,MAIZE,14,4,54.6
32,3,5.41,WHEAT,8,2,52.5
29,3,5.27,MAIZE,8,4,49.3
51,4,6.28,SOYBEAN,9,5,70.8
58,4,4.55,CHANA,9,3,59.3
3,3,5.28,MAIZE,11,4,6.3
56,4,6.48,PADDY,8,5,94.7
40,4,4.6,CHANA,11,4,48.4
34,3,4.75,SOYBEAN,9,1,54.4
40,3,5.38,CHANA,11,3,81.3
27,5,7.13,MAIZE,11,0,44.2
13,4,6.79,PADDY,16,5,24.1
45,2,4.57,WHEAT,16,4,99.4
33,5,6.01,SOYBEAN,8,3,33.8
6,6,5.32,SOYBEAN,12,0,7.0
24,4,6.45,CHANA,14,3,38.8
19,4,6.66,COTTON,11,5,48.4
16,5,7.09,COTTON,12,1,36.3
40,6,5.93,PADDY,9,5,42.3
28,4,7.48,WHEAT,10,5,63.5
33,4,7.44,WHEAT,14,0,64.8
59,4,7.15,CHANA,14,0,99.5
59,4,6.22,CHANA,11,4,101.1
48,3,5.69,COTTON,8,2,112.7
41,4,5.59,MAIZE,8,5,53.1
13,5,4.54,WHEAT,11,0,11.9
43,4,5.25,MAIZE,11,5,66.5
45,4,6.66,WHEAT,13,5,79.1
25,4,6.31,MAIZE,14,0,41.0
53,3,7.25,MAIZE,16,1,119.5
42,4,4.65,WHEAT,16,1,47.9
36,4,4.97,PADDY,12,5,59.5
27,3,6.87,PADDY,10,1,81.0
38,3,5.58,CHANA,10,5,74.2
7,6,4.86,MAIZE,13,4,5.1
5,3,7.49,MAIZE,8,0,13.0
43,3,6.86,MAIZE,14,5,100.7
45,6,5.73,MAIZE,10,1,51.0
58,4,6.97,MAIZE,12,1,114.8
57,4,6.54,COTTON,14,3,123.8
51,5,6.87,SOYBEAN,14,3,68.3
31,3,6.95,MAIZE,16,1,67.0
23,4,4.75,COTTON,8,4,35.9
42,4,6.37,PADDY,10,2,91.7
10,5,4.52,MAIZE,16,5,10.0
32,4,4.63,PADDY,15,3,36.5
43,4,7.21,CHANA,9,5,66.6
53,4,6.08,SOYBEAN,15,3,68.2
30,4,6.71,WHEAT,15,0,48.0
39,4,7.02,SOYBEAN,9,0,64.2
31,4,7.35,MAIZE,15,1,54.2
18,4,7.11,MAIZE,10,0,34.3
36,4,5.95,SOYBEAN,14,0,55.5
2,4,5.51,SOYBEAN,16,2,4.3
14,4,4.96,CHANA,11,4,21.2
13,5,5.7,PADDY,13,1,19.1
29,4,5.6,WHEAT,16,2,37.8
12,5,6.18,SOYBEAN,12,1,13.8
39,5,6.5,WHEAT,8,4,49.9
2,4,7.43,SOYBEAN,10,1,5.3
32,4,6.69,PADDY,16,5,53.9
13,5,6.43,WHEAT,10,5,18.3
46,4,5.51,COTTON,9,5,75.6
27,5,4.6,PADDY,11,0,33.9
49,4,5.36,WHEAT,12,4,77.5
41,4,6.81,SOYBEAN,14,2,69.2
17,3,5.12,SOYBEAN,14,2,28.3
40,4,6.64,PADDY,16,3,68.9
31,6,6.24,PADDY,15,2,35.7
34,4,5.02,SOYBEAN,9,5,37.4
24,4,5.28,WHEAT,15,5,31.9
45,5,5.99,COTTON,15,3,63.5
35,4,5.76,CHANA,12,0,53.9
48,4,6.84,PADDY,10,2,111.4
6,4,6.7,SOYBEAN,16,4,9.4
19,4,6.22,WHEAT,14,3,30.3
30,3,6.97,PADDY,8,2,73.2
7,4,6.19,WHEAT,15,0,9.0
10,4,7.39,PADDY,12,4,25.1
41,4,5.15,SOYBEAN,13,4,54.0
32,4,6.64,WHEAT,16,0,50.9
34,4,5.61,SOYBEAN,15,2,42.9
28,3,5.34,WHEAT,10,1,59.7
15,4,5.04,PADDY,12,2,22.9
30,2,6.16,CHANA,11,3,100.8
37,4,5.15,CHANA,8,3,42.3
29,5,5.1,COTTON,12,2,45.1
22,4,7.47,COTTON,14,5,54.4
4,4,6.91,MAIZE,8,3,5.3
20,2,6.74,SOYBEAN,11,1,73.7
32,3,6.88,WHEAT,13,5,79.3
36,4,7.41,COTTON,16,1,81.0
50,3,6.22,PADDY,15,4,109.7
4,4,5.16,CHANA,9,3,3.7
27,3,7.09,WHEAT,10,5,73.8
17,5,6.73,MAIZE,12,2,25.7
12,4,5.74,CHANA,14,5,18.5
22,3,5.92,WHEAT,10,4,52.1
17,5,5.73,COTTON,14,1,27.4
10,3,7.29,COTTON,12,4,38.1
54,3,5.53,SOYBEAN,13,0,102.6
1,4,7.39,MAIZE,13,3,2.0
22,4,7.23,WHEAT,11,2,46.3
26,4,6.39,MAIZE,15,1,39.3
56,3,6.24,PADDY,16,4,124.9
59,4,5.61,MAIZE,9,2,77.0
18,3,4.56,COTTON,16,3,31.9
50,2,4.88,SOYBEAN,11,2,137.1
14,5,6.76,COTTON,13,3,26.3
47,4,5.91,CHANA,14,3,67.7
29,3,4.95,COTTON,11,3,69.5
12,4,5.29,WHEAT,15,4,12.7
36,3,7.34,SOYBEAN,15,3,80.6
59,5,5.6,WHEAT,8,2,62.2
35,3,7.22,PADDY,15,0,93.0
52,2,5.41,PADDY,10,2,188.0
12,4,6.13,COTTON,12,4,25.9
7,4,4.56,SOYBEAN,15,3,8.7
29,4,6.07,MAIZE,13,0,47.7
11,2,6.41,SOYBEAN,11,4,38.9
33,3,5.2,SOYBEAN,11,1,64.0
6,4,6.24,SOYBEAN,11,1,9.7
47,3,6.44,COTTON,13,1,133.9
15,5,6.56,WHEAT,14,0,23.0
32,2,6.83,COTTON,12,2,161.2
51,4,5.43,MAIZE,15,0,63.5
11,4,6.2,WHEAT,14,0,17.3
58,3,7.44,MAIZE,15,0,134.2
23,4,7.19,CHANA,11,1,43.0
26,5,7.36,CHANA,15,5,35.5
34,3,5.66,WHEAT,13,2,64.6
46,5,6.86,COTTON,10,5,92.6
34,4,6.36,MAIZE,15,5,50.4
29,3,4.75,MAIZE,14,0,45.3
4,4,6.97,PADDY,12,2,9.5
17,3,6.53,MAIZE,11,5,41.7
35,4,5.1,COTTON,8,3,55.4
13,4,4.74,PADDY,10,0,19.0
41,5,7.01,COTTON,9,0,72.1
39,6,4.74,SOYBEAN,15,0,28.7
15,4,4.77,MAIZE,15,3,15.5
55,4,5.78,SOYBEAN,12,3,90.1
29,3,4.9,CHANA,12,1,51.7
29,4,7.24,CHANA,11,4,58.2
11,2,5.91,WHEAT,8,2,31.8
52,4,6.21,MAIZE,8,4,75.7
32,4,7.28,PADDY,13,0,68.6
2,2,6.09,SOYBEAN,11,5,8.2
47,2,5.56,COTTON,11,0,199.1
14,4,6.89,MAIZE,10,5,28.1
20,4,5.83,WHEAT,16,1,28.6
22,4,5.46,COTTON,10,4,46.7
11,4,6.67,SOYBEAN,15,0,19.0
27,4,6.9,MAIZE,9,4,45.5
3,4,6.88,SOYBEAN,11,1,7.3
17,3,7.43,MAIZE,8,4,38.6
44,3,6.86,MAIZE,12,5,114.4
56,4,6.81,SOYBEAN,9,2,86.9
28,4,7.07,SOYBEAN,8,1,45.5
29,2,4.5,COTTON,8,4,78.8
21,4,5.59,WHEAT,9,0,25.9
47,3,6.71,SOYBEAN,12,3,120.4
16,4,6.3,CHANA,16,3,22.7
37,4,5.03,WHEAT,13,1,47.1
59,4,5.41,CHANA,11,3,86.5
20,5,5.51,COTTON,10,2,31.3
6,3,6.2,SOYBEAN,15,1,12.2
19,6,6.99,WHEAT,10,0,28.9
57,4,7.3,SOYBEAN,8,0,93.6
5,4,6.75,MAIZE,11,1,9.6
3,4,7.03,SOYBEAN,12,3,5.5
59,4,5.91,WHEAT,12,3,102.5
1,4,5.67,SOYBEAN,12,0,2.0
58,4,5.68,SOYBEAN,15,2,76.4
38,2,6.35,PADDY,15,5,128.6
15,2,4.87,PADDY,11,3,48.4
34,4,6.24,WHEAT,16,2,50.0
35,3,6.5,WHEAT,8,3,70.1
49,4,5.82,MAIZE,12,5,83.8
25,3,7.36,MAIZE,12,1,73.1
24,4,6.32,SOYBEAN,12,4,39.7
12,5,5.16,CHANA,15,0,11.9
18,5,5.94,WHEAT,16,1,21.6
15,4,6.53,SOYBEAN,10,3,29.4
44,4,5.47,CHANA,16,5,54.4
16,5,4.74,PADDY,15,0,20.1
27,4,6.25,MAIZE,10,4,49.4
8,3,7.34,WHEAT,9,4,20.1
46,5,5.96,SOYBEAN,11,5,61.4
25,4,7.22,PADDY,9,5,46.8
17,4,7.01,COTTON,11,3,46.0
29,3,4.94,PADDY,12,0,64.6
53,3,6.62,SOYBEAN,9,3,106.1
8,5,5.81,MAIZE,15,4,6.2
15,4,5.25,CHANA,8,1,15.0
27,3,6.56,COTTON,10,1,90.3
46,3,6.73,COTTON,14,2,138.1
50,4,5.04,MAIZE,8,4,59.2
52,4,7.24,COTTON,9,4,115.2
7,3,6.75,WHEAT,10,3,18.4
3,5,7.3,SOYBEAN,9,2,3.6
29,2,5.45,COTTON,9,5,95.9
44,4,7.32,PADDY,13,2,95.6
53,4,5.61,CHANA,14,0,72.5
24,3,4.66,SOYBEAN,13,3,36.0
58,5,6.79,MAIZE,13,5,81.0
3,4,6.61,PADDY,16,5,3.7
20,4,6.29,WHEAT,15,1,30.7
46,3,5.97,COTTON,15,0,110.6
15,3,4.6,PADDY,13,2,28.1
25,3,6.37,SOYBEAN,12,1,59.2
30,4,5.75,PADDY,16,4,47.6
14,4,6.18,WHEAT,9,3,22.6
7,5,5.79,CHANA,14,2,8.5
17,4,7.4,COTTON,13,4,41.7
44,5,6.31,SOYBEAN,14,5,54.0
20,4,6.75,COTTON,11,2,52.4
36,3,7.31,COTTON,16,1,106.6
9,3,6.27,MAIZE,14,0,19.4
38,4,4.54,COTTON,9,1,51.8
48,3,4.6,PADDY,11,3,95.3
57,2,6.61,PADDY,12,3,250.5
22,4,5.34,CHANA,9,2,25.5
54,5,6.24,WHEAT,15,1,61.2
53,3,5.11,SOYBEAN,8,0,81.2
53,4,5.31,PADDY,10,5,91.0
2,5,6.01,COTTON,8,3,3.8
24,4,7.43,WHEAT,12,0,53.3
8,2,6.35,SOYBEAN,15,4,25.2
11,3,7.31,SOYBEAN,14,2,24.5
13,4,7.38,SOYBEAN,16,0,23.8
17,4,5.12,SOYBEAN,9,2,20.4
8,5,5.43,CHANA,15,4,5.5
21,4,6.81,SOYBEAN,15,0,35.0
18,3,7.1,WHEAT,13,0,44.5
30,3,6.06,PADDY,10,5,78.3
18,4,7.48,WHEAT,9,4,33.5
46,3,4.53,COTTON,15,1,82.9
47,3,5.4,MAIZE,13,0,88.8
31,4,6.37,CHANA,11,5,53.3
38,2,5.91,CHANA,12,0,121.3
32,3,4.85,COTTON,12,5,76.2
11,4,5.6,WHEAT,16,3,13.1
45,3,4.58,WHEAT,16,1,65.5
25,3,6.43,COTTON,15,0,62.7
33,4,7.18,MAIZE,15,4,56.2
38,5,7.15,SOYBEAN,9,2,48.3
41,3,6.6,SOYBEAN,10,4,100.5
8,4,5.9,PADDY,15,1,13.4
11,4,6.04,WHEAT,12,3,19.3
22,4,4.91,WHEAT,14,3,30.2
51,5,5.52,COTTON,15,3,65.4
24,4,5.06,COTTON,13,5,42.0
41,5,6.96,SOYBEAN,12,4,64.0
17,3,7.24,WHEAT,15,2,38.0
12,2,6.11,WHEAT,8,2,36.3
57,5,6.68,CHANA,8,5,67.5
46,4,4.86,PADDY,8,0,59.9
32,3,6.33,PADDY,10,5,88.8
15,4,6.61,SOYBEAN,13,2,23.7
16,5,5.86,MAIZE,13,2,17.7
54,5,5.23,WHEAT,12,0,68.7
22,3,7.13,CHANA,14,4,51.8
28,5,6.73,WHEAT,12,4,45.3
20,2,7.2,COTTON,9,1,86.9
33,2,6.96,SOYBEAN,11,4,131.7
10,4,7.47,MAIZE,8,3,16.3
40,2,5.08,PADDY,14,3,118.8
32,3,4.76,WHEAT,11,1,62.6
50,4,5.51,MAIZE,11,2,79.6
33,3,4.89,SOYBEAN,11,1,62.9
2,3,6.07,PADDY,10,0,5.9
33,3,6.4,WHEAT,15,1,66.1
33,4,6.23,CHANA,11,1,55.5
41,4,5.28,SOYBEAN,15,5,47.7
13,4,7.23,WHEAT,16,3,23.4
30,4,4.56,PADDY,8,0,38.3
33,4,5.54,PADDY,11,5,61.1
13,5,6.66,CHANA,13,0,17.1
52,3,6.8,SOYBEAN,15,1,104.8
26,3,5.75,SOYBEAN,13,5,51.3
22,5,4.55,MAIZE,13,5,21.9
39,4,6.35,WHEAT,11,0,73.5
2,6,4.69,MAIZE,16,0,2.0
38,4,4.82,PADDY,14,4,54.0
39,4,6.45,PADDY,13,0,72.6
26,4,5.44,CHANA,8,5,28.7
46,4,5.54,CHANA,9,2,55.3
58,4,5.96,SOYBEAN,13,0,84.9
50,4,7.44,MAIZE,8,3,85.8
15,4,7.4,PADDY,12,4,35.9
34,5,5.75,WHEAT,8,3,37.0
42,3,5.3,COTTON,10,3,111.8
55,3,5.41,WHEAT,14,2,99.5
44,4,5.31,CHANA,12,4,63.9
49,4,6.1,WHEAT,8,1,71.1
40,5,6.32,PADDY,8,5,55.2
11,3,5.97,MAIZE,15,5,20.0
3,4,5.72,SOYBEAN,16,0,5.5
59,4,5.13,MAIZE,14,5,77.7
6,4,5.95,COTTON,10,2,14.0
9,5,5.52,SOYBEAN,13,5,8.5
6,3,6.12,COTTON,10,2,20.2
9,4,6.53,COTTON,11,1,24.1
39,6,6.4,PADDY,11,2,57.8
31,5,5.89,PADDY,10,1,47.4
32,4,6.17,CHANA,13,1,48.5
41,4,5.35,CHANA,12,1,57.4
50,3,4.57,COTTON,16,2,89.8
12,4,6.38,MAIZE,16,1,18.7
8,5,5.26,CHANA,10,2,9.0
8,4,6.51,PADDY,16,4,11.9
50,3,6.74,CHANA,10,1,122.2
28,3,7.25,COTTON,11,2,103.6
20,3,7.37,SOYBEAN,8,2,44.5
47,3,4.53,MAIZE,12,2,83.9
59,2,7.47,MAIZE,16,0,204.2
7,4,6.55,WHEAT,9,0,12.5
11,3,6.43,CHANA,11,1,25.0
20,3,4.55,MAIZE,9,5,30.1
16,4,7.08,PADDY,15,4,28.2
4,3,4.94,SOYBEAN,16,5,6.3
6,2,7.01,PADDY,10,1,28.1
58,3,4.55,CHANA,16,3,77.5
22,3,6.44,COTTON,13,3,62.9
26,4,5.8,WHEAT,13,4,40.3
3,3,5.1,WHEAT,14,4,5.1
41,4,4.82,SOYBEAN,12,4,54.6
42,5,5.82,MAIZE,13,0,52.4
14,4,4.87,MAIZE,8,0,16.0
11,4,5.96,MAIZE,10,3,16.7
18,5,6.38,WHEAT,16,4,20.8
54,4,6.98,COTTON,12,2,144.5
12,2,6.54,MAIZE,12,5,44.0
23,4,4.7,PADDY,15,3,29.5
12,5,5.42,MAIZE,9,4,11.1
13,3,5.36,COTTON,14,2,29.1
25,2,7.25,SOYBEAN,16,4,82.5
45,4,7.1,SOYBEAN,14,1,79.2
51,5,5.61,WHEAT,12,2,69.9
58,3,4.71,COTTON,13,5,124.2
19,4,7.18,PADDY,11,1,47.0
55,3,7.16,COTTON,14,0,178.1
46,4,7.06,PADDY,8,3,87.5
36,3,7.04,PADDY,11,4,109.5
45,3,5.94,COTTON,10,3,134.2
8,5,5.03,CHANA,11,5,9.7
29,4,5.93,COTTON,8,4,51.9
55,4,5.98,PADDY,9,1,87.5
53,4,5.97,MAIZE,16,2,74.7
55,3,6.12,SOYBEAN,14,2,113.4
32,4,5.27,SOYBEAN,13,4,40.7
51,3,5.6,WHEAT,9,1,91.4
44,4,5.8,SOYBEAN,8,4,58.5
18,3,4.89,CHANA,9,4,24.2
6,4,5.87,PADDY,14,4,9.7
18,5,6.93,COTTON,9,2,30.6
19,6,6.98,COTTON,10,5,35.5
22,4,5.73,CHANA,15,4,26.9
37,3,6.06,SOYBEAN,14,2,75.1
32,4,4.6,PADDY,16,0,40.9
56,5,6.52,SOYBEAN,11,1,84.7
41,3,5.71,WHEAT,14,0,82.3
59,6,5.84,SOYBEAN,8,4,48.6
3,3,7.12,WHEAT,9,2,8.2
28,6,5.89,COTTON,14,1,37.2
10,5,4.56,PADDY,9,3,8.4
51,5,5.18,MAIZE,13,1,55.5
35,3,5.93,WHEAT,16,1,68.5
29,2,5.77,SOYBEAN,12,4,94.2
54,4,7.08,SOYBEAN,14,0,92.9
15,3,6.13,COTTON,8,0,39.4
33,2,6.57,CHANA,15,3,94.8
7,4,5.91,MAIZE,16,4,10.7
12,4,5.82,CHANA,12,1,19.0
49,4,5.84,SOYBEAN,13,5,72.0
30,4,5.73,CHANA,15,0,38.6
21,3,6.12,MAIZE,11,0,50.7
31,6,5.25,MAIZE,9,2,25.5
58,3,7.17,PADDY,15,1,146.4
24,4,5.5,CHANA,9,4,29.1
20,4,4.94,PADDY,12,0,33.8
37,5,4.79,SOYBEAN,13,4,34.2
4,2,4.54,SOYBEAN,12,1,8.5
28,4,5.77,SOYBEAN,13,1,42.3
44,4,5.06,COTTON,13,0,77.4
20,3,4.56,CHANA,10,3,33.1
24,4,6.06,WHEAT,10,4,43.8
50,5,6.54,MAIZE,16,4,61.5
49,6,4.76,WHEAT,10,2,42.6
51,2,5.88,SOYBEAN,10,1,168.5
32,3,6.73,CHANA,9,1,64.9
41,3,7.46,PADDY,14,0,118.1
36,4,6.5,WHEAT,11,0,67.1
58,3,5.23,SOYBEAN,8,0,90.2
53,3,6.65,WHEAT,13,2,122.6
34,6,6.29,WHEAT,12,3,43.1
36,5,5.14,MAIZE,9,0,36.4
2,2,7.05,WHEAT,13,0,9.4
15,3,5.78,SOYBEAN,8,5,27.1
34,4,7.39,MAIZE,10,0,70.2
36,3,6.67,SOYBEAN,11,2,87.3
6,4,6.43,COTTON,10,4,15.7
39,4,6.69,COTTON,13,3,85.2
42,5,5.93,COTTON,11,4,76.1
51,4,6.02,WHEAT,8,5,73.3
51,4,7.05,CHANA,12,1,96.9
58,4,6.54,SOYBEAN,12,1,102.5
54,3,7.19,COTTON,16,0,157.7
12,4,7.17,CHANA,15,5,19.6
3,4,7.43,COTTON,15,4,5.9
45,3,6.6,COTTON,12,2,147.9
18,3,6.01,CHANA,15,3,31.9
40,3,5.0,COTTON,14,4,87.4
21,5,6.62,WHEAT,8,5,27.3
15,3,5.37,WHEAT,14,5,29.8
33,3,5.35,MAIZE,15,4,51.8
35,4,5.21,WHEAT,10,3,53.1
26,4,7.13,PADDY,16,4,49.2
8,3,7.1,MAIZE,15,4,17.6
36,6,6.39,COTTON,9,3,45.3
48,5,5.92,PADDY,13,2,64.8
30,4,6.52,SOYBEAN,11,5,54.1
23,4,6.32,CHANA,10,3,40.4
42,2,5.75,SOYBEAN,13,0,121.2
44,3,5.64,PADDY,16,0,88.9
14,4,5.65,WHEAT,9,0,20.7
14,2,6.27,COTTON,12,0,64.7
2,3,6.44,MAIZE,13,1,3.9
55,4,5.86,COTTON,11,2,121.3
37,3,7.41,WHEAT,14,1,91.6
5,5,4.75,COTTON,9,4,6.1
38,3,5.54,CHANA,14,4,67.8
45,4,5.76,CHANA,9,3,54.9
41,4,4.55,CHANA,8,0,42.1
54,4,5.59,SOYBEAN,12,3,85.9
47,3,5.32,WHEAT,9,4,79.8
14,4,6.02,CHANA,15,0,15.8
56,5,5.51,PADDY,15,5,64.2
39,4,6.68,CHANA,8,2,57.4
25,4,6.03,MAIZE,11,4,42.8
20,4,4.89,SOYBEAN,16,5,21.7
2,4,6.75,PADDY,12,3,2.8
39,4,4.8,WHEAT,13,5,49.4
6,5,7.02,WHEAT,10,3,12.2
17,3,7.29,MAIZE,12,4,48.3
59,4,5.47,CHANA,8,1,71.9
25,4,7.28,PADDY,15,2,49.7
57,4,6.88,MAIZE,13,5,100.3
28,5,7.27,PADDY,9,5,43.0
2,6,6.5,CHANA,11,4,4.6
35,4,5.21,CHANA,11,4,50.6
37,3,7.18,COTTON,16,3,109.2
5,2,5.05,COTTON,16,0,15.6
1,4,5.14,CHANA,12,0,2.0
40,5,5.31,SOYBEAN,10,0,47.2
12,3,5.41,MAIZE,8,3,22.2
56,3,6.04,COTTON,13,0,151.6
36,2,6.64,CHANA,15,4,106.3
45,5,7.28,PADDY,8,1,71.8
23,3,4.77,MAIZE,8,1,35.4
47,4,7.36,COTTON,14,1,117.5
31,4,7.26,SOYBEAN,14,0,58.7
11,5,4.66,MAIZE,9,1,8.3
10,4,5.58,MAIZE,10,5,15.5
3,4,6.94,WHEAT,9,0,3.1
54,3,6.33,PADDY,13,5,131.8
14,4,6.84,SOYBEAN,15,4,21.5
16,4,6.66,SOYBEAN,15,5,24.4
10,6,5.99,SOYBEAN,8,4,9.8
29,3,4.62,PADDY,16,3,46.5
10,2,6.25,SOYBEAN,15,3,27.6
12,2,4.65,WHEAT,16,5,27.8
30,4,6.31,COTTON,16,2,55.4
41,5,6.9,PADDY,13,4,66.6
1,2,6.25,SOYBEAN,10,0,5.5
5,4,7.49,CHANA,8,2,7.8
20,3,5.87,COTTON,15,4,46.9
8,2,6.75,MAIZE,10,0,33.1
43,4,6.5,PADDY,14,4,80.1
12,3,7.47,CHANA,13,4,27.7
1,4,6.64,MAIZE,10,0,2.0
57,4,4.99,CHANA,13,4,69.8
54,4,7.37,SOYBEAN,10,4,109.1
20,3,6.5,PADDY,16,4,48.0
28,6,4.68,SOYBEAN,8,3,19.7
57,4,6.47,MAIZE,15,1,87.4
43,4,7.15,WHEAT,12,4,92.6
37,2,6.23,CHANA,11,0,124.0
47,2,5.56,WHEAT,8,5,124.2
37,2,6.96,MAIZE,16,4,119.6
12,3,6.85,SOYBEAN,16,3,24.6
37,4,6.13,COTTON,12,3,84.8
49,5,4.96,CHANA,16,5,44.2
49,4,5.25,COTTON,16,4,78.0
56,3,6.72,PADDY,14,2,146.9
44,4,6.92,CHANA,15,5,68.2
56,3,5.34,WHEAT,8,1,95.9
28,4,5.6,COTTON,11,0,59.7
47,4,4.73,MAIZE,11,0,63.7
15,4,6.64,PADDY,16,0,28.7
6,6,4.51,CHANA,10,0,3.3
44,3,4.64,MAIZE,8,3,65.0
59,4,4.51,PADDY,12,1,88.9
20,5,6.44,WHEAT,14,4,25.1
50,4,5.75,MAIZE,11,4,83.3
14,4,5.39,CHANA,16,2,14.5
2,5,7.24,PADDY,13,4,2.9
9,2,5.08,SOYBEAN,13,1,23.2
37,5,5.67,CHANA,10,4,44.0
20,2,7.32,CHANA,12,3,76.0
26,4,5.78,CHANA,13,5,36.1
29,5,6.16,CHANA,11,4,39.1
1,3,4.74,SOYBEAN,10,0,2.0
55,4,6.87,MAIZE,12,0,109.2
35,3,5.77,MAIZE,14,5,69.0
6,6,6.9,MAIZE,13,0,5.6
37,5,5.26,WHEAT,9,0,39.9
53,4,5.77,SOYBEAN,8,3,69.4
59,4,6.86,SOYBEAN,12,3,112.8
5,5,7.42,PADDY,12,3,8.6
33,4,4.68,COTTON,13,4,51.3
49,4,6.94,MAIZE,10,5,97.7
51,4,5.4,COTTON,8,0,83.8
14,4,6.15,PADDY,11,2,30.2
12,2,5.37,SOYBEAN,11,5,34.9
42,2,6.34,PADDY,9,2,141.9
20,3,5.56,CHANA,15,0,33.6
53,5,5.5,PADDY,13,1,67.6
50,4,4.61,PADDY,10,5,75.2
24,4,4.94,CHANA,8,4,23.6
59,4,7.25,COTTON,10,2,164.1
43,3,7.49,CHANA,15,5,94.7
34,3,6.84,WHEAT,11,5,90.6
25,4,5.36,PADDY,10,3,43.4
50,4,5.71,PADDY,11,1,92.7
29,5,6.72,COTTON,11,3,59.1
57,4,7.41,SOYBEAN,9,1,94.7
39,4,5.87,CHANA,11,1,60.7
31,4,6.99,SOYBEAN,16,4,47.7
56,5,7.43,WHEAT,11,5,99.2
47,4,7.12,CHANA,8,3,72.6
43,2,5.18,WHEAT,8,3,104.0
50,4,4.52,WHEAT,8,2,53.8
23,4,5.98,WHEAT,12,5,39.5
44,4,6.09,MAIZE,13,0,69.9
38,3,5.1,CHANA,13,0,64.7
20,5,5.35,CHANA,13,2,17.8
23,6,6.8,MAIZE,16,1,23.2
45,3,5.91,COTTON,8,2,108.0
52,5,5.45,MAIZE,13,2,58.2
16,2,6.37,PADDY,15,3,56.1
50,2,6.46,SOYBEAN,15,2,145.7
42,3,6.81,SOYBEAN,10,1,107.2
55,2,4.97,WHEAT,12,0,161.9
8,5,6.72,CHANA,11,4,10.7
50,2,6.3,CHANA,8,5,138.4
21,3,4.67,WHEAT,16,2,31.7
1,3,6.83,PADDY,12,5,3.2
55,3,5.65,SOYBEAN,9,2,90.6
8,2,5.49,MAIZE,9,5,19.3
29,4,5.84,COTTON,14,3,57.2
32,3,5.54,PADDY,11,3,77.9
38,5,5.51,CHANA,8,5,37.8
5,5,6.92,WHEAT,12,2,9.3
47,2,4.87,SOYBEAN,9,2,103.9
22,5,7.41,WHEAT,14,1,35.4
47,2,6.16,CHANA,16,0,127.4
34,3,5.05,WHEAT,8,0,53.6
1,2,4.89,MAIZE,9,4,2.3
55,3,6.27,SOYBEAN,13,0,113.1
55,4,6.4,WHEAT,15,4,85.8
26,4,4.66,SOYBEAN,14,3,28.3
43,3,5.23,WHEAT,16,4,68.1
10,4,6.89,WHEAT,9,4,19.5
30,3,4.65,SOYBEAN,16,0,41.8
50,4,7.07,MAIZE,11,2,103.5
18,3,6.47,WHEAT,10,3,46.9
17,3,5.8,MAIZE,14,1,35.4
26,3,5.54,PADDY,12,4,64.3
8,3,4.56,COTTON,12,4,19.3
47,4,6.98,PADDY,9,5,83.7
40,5,4.93,COTTON,13,4,51.5
49,2,5.43,PADDY,13,2,152.5
12,4,6.21,COTTON,11,1,26.9
27,4,5.24,WHEAT,12,5,40.9
8,5,5.99,SOYBEAN,14,0,9.4
25,3,6.93,SOYBEAN,15,3,50.7
46,4,5.91,CHANA,13,2,65.1
4,5,7.35,COTTON,12,1,8.1
33,4,7.04,CHANA,10,3,63.6
1,4,5.5,MAIZE,14,0,2.6
19,3,5.7,MAIZE,15,3,33.9
31,3,5.77,CHANA,10,5,65.7
16,4,6.38,COTTON,12,4,38.8
14,4,5.36,SOYBEAN,9,4,18.7
53,3,7.41,COTTON,11,2,200.5
48,4,6.33,MAIZE,11,3,84.1
5,4,5.7,WHEAT,15,4,8.5
41,4,6.44,CHANA,10,2,69.7
26,4,5.69,CHANA,12,2,40.4
28,5,6.95,MAIZE,12,5,45.4
2,3,6.2,COTTON,9,2,5.9
50,5,4.63,CHANA,16,0,40.4
6,3,5.03,SOYBEAN,11,4,11.3
9,3,7.09,CHANA,16,4,19.1
33,3,6.19,COTTON,16,1,82.3
41,3,7.35,MAIZE,9,0,90.7
25,3,4.72,SOYBEAN,16,4,35.5
48,3,5.39,SOYBEAN,16,5,76.6
13,5,5.08,CHANA,9,4,10.3
9,3,6.16,COTTON,13,1,23.4
53,4,5.65,CHANA,16,3,62.5
13,2,4.97,WHEAT,11,3,37.5
31,5,6.43,MAIZE,9,0,37.1
41,4,6.11,WHEAT,14,2,66.9
11,2,5.32,SOYBEAN,16,1,25.5
4,4,5.94,CHANA,13,1,8.1
34,4,6.74,WHEAT,11,4,68.4
38,4,5.12,PADDY,8,5,50.0
46,4,5.38,WHEAT,11,4,72.3
4,4,5.54,CHANA,10,5,9.0
38,4,6.74,CHANA,14,1,63.0
19,4,7.04,MAIZE,12,2,37.9
6,2,5.63,WHEAT,10,3,21.3
34,5,5.39,CHANA,9,0,30.1
18,4,7.17,CHANA,9,5,27.4
13,4,7.5,MAIZE,12,3,24.7
41,2,6.51,MAIZE,15,0,125.2
23,4,7.47,MAIZE,15,2,38.2
19,6,6.48,MAIZE,12,1,23.6
45,3,6.7,PADDY,9,2,104.6
11,4,5.67,SOYBEAN,11,5,17.8
1,4,5.8,CHANA,14,1,2.0
24,5,4.93,COTTON,13,4,29.6
54,4,6.97,MAIZE,14,0,96.1
7,3,7.29,SOYBEAN,12,4,19.3
25,5,6.37,MAIZE,9,1,30.3
21,4,5.53,SOYBEAN,15,0,28.6
15,3,4.96,COTTON,9,0,32.0
1,2,5.3,WHEAT,15,4,2.0
12,4,5.27,PADDY,14,0,17.5
58,3,6.34,CHANA,10,1,130.9
7,3,7.34,WHEAT,11,5,18.7
15,5,4.64,COTTON,14,5,20.0
21,2,4.5,PADDY,11,1,60.1
19,4,6.3,PADDY,16,4,31.6
29,3,5.35,PADDY,14,2,60.4
25,4,7.14,COTTON,8,1,53.1
33,4,5.48,MAIZE,8,5,40.2
49,2,5.37,MAIZE,11,1,149.3
32,4,5.31,MAIZE,16,0,37.6
49,3,4.93,WHEAT,11,0,95.0
35,5,6.24,CHANA,12,1,48.4
44,5,5.0,PADDY,8,4,49.3
38,4,5.77,PADDY,9,2,58.9
26,4,5.88,WHEAT,11,0,46.0
11,3,4.56,MAIZE,11,5,21.8
35,4,4.55,PADDY,13,0,47.3
8,4,6.06,PADDY,13,5,15.7
46,3,6.59,COTTON,15,2,122.3
14,4,7.33,SOYBEAN,16,0,24.2
10,2,5.04,WHEAT,8,4,24.2
2,4,4.81,WHEAT,8,5,2.0
46,2,4.66,MAIZE,13,0,112.5
9,4,5.81,WHEAT,11,0,13.6
3,3,6.37,MAIZE,11,1,6.1
21,3,7.02,COTTON,8,4,61.5
26,4,6.55,COTTON,16,4,53.2
8,6,5.13,CHANA,10,1,7.4
48,4,5.89,MAIZE,12,5,82.2
2,3,7.23,COTTON,8,3,6.6
6,3,5.48,MAIZE,15,2,10.8
28,5,6.0,WHEAT,10,4,40.0
53,4,7.38,CHANA,8,3,84.2
29,3,6.7,SOYBEAN,13,5,66.5
26,5,6.74,PADDY,8,2,37.0
25,5,5.26,PADDY,10,4,33.3
12,6,5.74,CHANA,12,0,12.7
5,5,4.75,MAIZE,11,4,6.0
34,5,6.32,MAIZE,14,2,44.8
48,2,4.81,MAIZE,13,3,120.3
37,3,7.01,SOYBEAN,10,0,96.3
15,4,6.94,PADDY,15,2,27.6
44,4,6.1,CHANA,15,5,57.4
36,4,4.92,MAIZE,9,2,41.6
15,4,4.58,COTTON,14,4,21.8
43,4,6.89,WHEAT,8,5,69.5
48,4,6.3,SOYBEAN,9,1,69.7
23,2,6.63,MAIZE,15,1,71.2
6,3,5.41,PADDY,8,0,13.7
46,4,6.03,WHEAT,9,2,67.6
50,4,6.74,CHANA,8,3,74.0
44,3,5.89,MAIZE,12,0,100.4
59,4,6.3,PADDY,14,5,109.0
43,4,6.87,WHEAT,13,0,79.1
45,4,5.15,COTTON,13,4,78.3
21,2,4.7,SOYBEAN,13,5,50.6
23,4,6.1,CHANA,15,3,29.7
43,3,4.69,PADDY,12,2,86.7
55,5,6.8,COTTON,14,5,101.3
16,3,6.66,SOYBEAN,10,2,40.9
47,4,7.15,SOYBEAN,16,2,75.9
53,2,6.42,COTTON,10,0,257.8
15,4,4.7,PADDY,13,4,19.5
25,4,5.26,SOYBEAN,10,0,38.3
36,3,6.92,CHANA,8,1,74.4
11,4,5.0,WHEAT,8,1,14.6
51,3,6.6,CHANA,10,2,121.9
15,3,6.84,MAIZE,11,4,41.3
4,4,5.49,SOYBEAN,9,5,3.2
21,3,5.47,WHEAT,16,2,37.2
13,5,6.17,COTTON,15,5,20.6
22,4,7.08,WHEAT,10,2,46.7
19,4,5.17,WHEAT,14,0,24.4
34,2,7.32,WHEAT,11,2,147.3
14,4,6.3,SOYBEAN,12,2,24.3
4,4,7.48,MAIZE,11,4,5.7
48,3,4.77,MAIZE,16,4,69.3
53,5,4.88,PADDY,14,5,62.6
52,3,6.98,MAIZE,11,4,139.3
46,5,7.09,SOYBEAN,15,2,60.5
27,2,5.84,PADDY,9,4,85.5
29,5,6.64,COTTON,14,4,52.6
47,4,7.1,COTTON,8,3,100.6
28,3,4.63,COTTON,15,3,54.0
35,3,6.22,COTTON,13,1,97.9
8,4,7.06,COTTON,12,0,21.4
16,6,5.69,CHANA,16,0,11.9
42,3,5.41,SOYBEAN,16,4,67.6
36,3,6.89,PADDY,10,1,107.9
30,4,5.51,COTTON,16,1,51.7
18,4,4.51,CHANA,16,5,20.0
2,4,7.38,MAIZE,9,3,4.8
49,4,6.28,CHANA,12,1,83.8
13,3,6.96,CHANA,9,2,25.9
4,5,6.98,SOYBEAN,8,5,5.8
26,4,4.7,COTTON,14,4,40.4
25,3,5.01,CHANA,11,2,45.3
30,4,5.43,CHANA,12,0,43.0
11,4,5.46,COTTON,11,3,23.7
7,3,6.48,SOYBEAN,13,2,16.1
31,4,6.37,CHANA,9,4,44.5
44,3,5.98,PADDY,15,2,94.2
10,4,5.13,WHEAT,11,2,15.9
39,5,5.65,MAIZE,15,1,39.4
13,3,6.13,WHEAT,10,3,29.7
31,4,5.9,WHEAT,12,0,54.5
7,5,4.88,SOYBEAN,10,4,9.3
56,6,6.45,CHANA,14,5,57.7
49,4,4.72,WHEAT,10,5,68.2
42,4,5.63,WHEAT,15,4,56.2
42,4,6.63,MAIZE,16,0,62.0
56,5,4.56,COTTON,9,4,62.5
36,5,6.21,CHANA,10,1,47.7
20,3,5.5,CHANA,14,5,36.4
4,4,4.53,MAIZE,12,5,5.2
54,4,5.07,COTTON,14,2,91.7
7,4,7.32,CHANA,9,1,11.0
54,4,6.06,PADDY,11,5,107.7
1,4,7.49,MAIZE,8,1,2.0
44,6,6.07,SOYBEAN,12,1,51.4
56,2,6.13,COTTON,15,0,207.8
45,3,5.68,MAIZE,8,5,78.6
42,4,5.43,WHEAT,14,3,60.0
47,3,5.25,CHANA,14,0,77.9
59,2,5.53,PADDY,14,0,191.1
13,2,5.88,PADDY,8,1,43.5
55,4,5.08,SOYBEAN,10,3,78.7
22,5,5.17,MAIZE,9,0,19.9
54,4,5.31,PADDY,12,3,91.7
21,4,5.85,MAIZE,9,5,30.1
22,3,6.46,CHANA,12,1,49.9
28,4,7.07,CHANA,12,0,52.9
9,4,5.36,PADDY,11,3,15.3
26,4,5.05,CHANA,14,4,30.3
9,3,5.64,MAIZE,13,0,17.3
15,2,7.18,CHANA,9,0,46.3
10,2,4.53,WHEAT,11,0,27.6
24,4,6.53,MAIZE,14,3,40.5
58,5,5.93,COTTON,16,2,85.8
57,5,4.98,CHANA,16,5,51.8
42,4,5.46,CHANA,10,0,60.8
8,4,5.17,MAIZE,8,4,9.1
24,5,7.13,SOYBEAN,16,4,34.1
16,3,5.95,COTTON,15,1,36.8
49,4,6.19,COTTON,14,2,103.1
26,5,6.28,COTTON,13,2,44.7
27,3,6.42,PADDY,14,3,66.7
37,5,5.99,WHEAT,16,1,40.9
4,6,4.55,WHEAT,13,3,6.0
50,4,5.5,SOYBEAN,10,1,79.9
24,5,5.05,COTTON,10,5,37.3
19,4,6.54,COTTON,11,2,44.8
36,4,4.67,CHANA,15,5,38.6
39,3,6.19,MAIZE,16,3,72.8
10,2,5.13,PADDY,15,1,28.4
25,3,7.35,PADDY,9,2,62.7
18,4,5.51,SOYBEAN,11,2,27.8
19,3,5.48,WHEAT,11,0,42.2
36,2,7.27,COTTON,9,3,154.9
10,3,5.75,MAIZE,15,0,17.1
33,4,7.39,SOYBEAN,10,2,68.6
55,6,4.57,PADDY,9,3,44.1
50,6,5.42,PADDY,14,3,52.1
5,4,6.5,PADDY,8,5,8.4
47,5,7.17,COTTON,13,4,92.2
49,4,5.27,COTTON,10,1,99.5
35,4,7.29,COTTON,10,4,97.4
44,4,6.28,CHANA,12,4,77.4
34,3,6.9,WHEAT,10,2,91.5
33,5,5.69,PADDY,11,5,50.5
55,4,5.14,PADDY,10,1,91.8
21,4,7.23,CHANA,14,4,41.1
17,4,7.3,PADDY,10,4,41.1
22,3,5.99,PADDY,11,3,59.3
48,3,4.52,COTTON,9,2,85.3
37,4,4.83,COTTON,9,4,55.5
15,2,6.22,WHEAT,16,1,44.5
35,4,4.57,PADDY,8,0,43.3
28,4,5.69,SOYBEAN,8,0,36.0
7,4,5.41,PADDY,8,2,9.9
32,4,6.64,PADDY,10,0,69.8
11,4,4.67,WHEAT,9,3,12.1
10,4,5.97,SOYBEAN,10,3,18.9
9,4,6.24,PADDY,12,1,18.0
14,4,6.35,MAIZE,16,5,24.1
13,4,5.72,MAIZE,9,2,17.4
57,5,5.41,SOYBEAN,8,2,57.8
25,3,6.55,MAIZE,13,0,57.9
2,4,7.04,COTTON,10,4,3.0
35,5,6.58,COTTON,14,4,59.9
7,4,7.3,SOYBEAN,13,5,11.7
21,3,6.65,PADDY,14,4,52.4
18,4,6.79,SOYBEAN,12,5,33.7
3,3,5.0,MAIZE,8,1,4.7
42,3,5.76,SOYBEAN,10,2,91.3
54,6,5.96,MAIZE,10,0,62.2
39,4,5.27,COTTON,14,1,69.1
41,3,6.09,SOYBEAN,10,3,94.8
49,6,5.37,CHANA,12,3,49.0
11,6,6.56,MAIZE,11,3,16.8
39,4,5.91,CHANA,11,5,62.8
24,3,5.88,COTTON,14,5,59.6
46,5,7.45,PADDY,8,2,73.6
19,4,5.68,MAIZE,14,3,31.2
4,4,5.59,PADDY,15,5,7.5
26,5,5.46,COTTON,10,5,44.7
38,4,7.18,PADDY,10,4,90.3
42,3,5.99,MAIZE,11,5,98.3
32,4,6.3,WHEAT,13,3,54.9
39,3,5.04,MAIZE,14,1,67.0
45,4,6.12,MAIZE,8,3,63.4
46,4,5.32,CHANA,11,4,67.1
36,2,6.69,WHEAT,14,3,127.9
40,4,7.0,WHEAT,9,0,62.3
37,3,6.64,WHEAT,8,4,77.6
33,3,6.69,MAIZE,8,2,65.6
36,4,6.04,COTTON,13,3,72.8
3,3,6.64,WHEAT,12,5,10.4
9,4,5.77,SOYBEAN,8,1,10.8
8,2,6.45,PADDY,10,3,33.7
33,4,5.28,COTTON,14,1,59.5
59,5,4.71,SOYBEAN,16,0,51.6
6,4,5.74,MAIZE,16,2,9.5
41,4,5.89,MAIZE,13,5,62.1
39,6,5.27,SOYBEAN,10,4,39.2
4,3,6.68,CHANA,8,4,8.6
13,2,4.72,CHANA,10,2,32.3
49,4,5.17,SOYBEAN,9,0,54.5
2,2,6.75,CHANA,12,0,6.0
5,6,5.81,PADDY,15,3,7.3
44,3,6.62,PADDY,12,0,131.6
27,4,6.2,MAIZE,8,3,38.8
32,4,7.35,CHANA,10,1,66.0
21,3,6.29,WHEAT,12,2,51.5
8,4,4.54,SOYBEAN,14,1,9.6
38,2,5.56,PADDY,12,1,138.7
8,4,4.93,CHANA,12,1,12.2
50,2,7.27,CHANA,14,1,174.7
3,5,4.81,PADDY,15,4,2.0
54,6,5.66,PADDY,15,0,54.3
44,3,5.18,WHEAT,14,2,81.0
58,3,7.04,CHANA,10,2,148.0
3,4,5.43,CHANA,9,5,2.9
22,3,7.48,COTTON,8,1,65.3
6,5,4.62,MAIZE,13,2,3.2
2,4,4.88,WHEAT,16,3,2.0
23,4,5.17,PADDY,10,2,39.1
44,5,6.93,PADDY,12,1,81.5
2,4,7.14,SOYBEAN,16,2,2.0
38,5,4.71,MAIZE,16,0,34.4
17,5,4.6,PADDY,14,1,17.5
35,3,6.73,CHANA,11,4,84.5
34,2,4.9,PADDY,9,0,90.5
23,6,4.9,CHANA,9,2,12.7
30,5,4.57,CHANA,11,4,27.9
52,2,4.65,WHEAT,8,5,114.9
8,5,5.29,PADDY,11,0,11.2
22,4,4.7,WHEAT,13,5,24.6
44,3,5.61,MAIZE,13,3,83.9
58,5,7.0,CHANA,14,0,79.9
36,3,5.48,MAIZE,12,4,74.3
5,5,6.68,PADDY,16,5,8.7
13,3,4.78,MAIZE,9,3,18.2
29,4,6.48,MAIZE,9,5,40.9
31,3,5.45,PADDY,11,2,75.7
47,4,6.75,WHEAT,11,1,94.0
57,4,4.91,WHEAT,11,5,80.3
55,3,7.19,CHANA,8,2,114.5
16,4,5.23,CHANA,11,1,25.3
42,4,5.56,PADDY,12,1,78.1
30,2,7.35,PADDY,16,4,119.0
57,5,6.24,COTTON,10,3,105.7
55,3,5.6,COTTON,10,3,156.8
16,4,7.35,SOYBEAN,12,0,30.8
12,4,5.49,CHANA,13,2,13.8
17,4,4.78,MAIZE,10,4,24.8
16,3,7.49,SOYBEAN,8,5,34.1
12,4,5.3,SOYBEAN,15,2,16.6
8,4,7.05,WHEAT,8,5,11.5
20,4,5.0,MAIZE,9,5,21.8
3,5,6.69,WHEAT,10,5,6.5
16,4,6.07,COTTON,13,0,31.7
30,2,7.44,SOYBEAN,11,0,126.3
45,3,6.16,COTTON,11,4,137.9
23,3,4.58,MAIZE,16,0,32.2
28,3,6.31,MAIZE,13,4,61.7
51,4,4.94,CHANA,9,0,53.7
40,3,6.9,PADDY,14,3,109.7
54,3,7.07,WHEAT,10,4,149.6
5,2,5.95,CHANA,16,3,13.2
20,2,6.85,CHANA,13,3,64.7
40,3,4.94,WHEAT,15,4,61.4
56,3,5.98,WHEAT,8,2,104.7
44,4,5.68,MAIZE,9,1,57.3
1,4,6.33,MAIZE,13,0,3.9
57,3,4.63,SOYBEAN,10,5,100.4
30,4,6.76,COTTON,8,0,62.3
21,3,4.74,MAIZE,13,5,33.1
20,3,6.47,CHANA,12,2,45.6
6,2,4.56,SOYBEAN,16,1,10.9
22,4,7.0,SOYBEAN,13,2,37.9
18,4,5.02,CHANA,12,1,25.0
8,3,6.05,MAIZE,8,4,15.9
39,3,5.28,CHANA,8,4,60.1
32,5,6.67,PADDY,8,5,46.3
33,3,5.46,MAIZE,14,3,63.3
53,3,6.67,COTTON,13,3,157.9
16,5,5.35,CHANA,12,5,20.2
12,5,6.76,MAIZE,11,4,17.3
38,4,4.59,WHEAT,15,5,42.3
52,4,5.35,PADDY,15,3,74.0
34,3,6.0,COTTON,12,5,102.9
14,2,4.64,MAIZE,11,4,37.0
36,4,5.06,WHEAT,9,2,45.1
33,2,7.3,MAIZE,14,0,123.1
23,4,7.43,WHEAT,12,4,52.5
50,5,6.72,COTTON,10,5,103.6
45,6,5.26,PADDY,16,4,42.6
2,3,5.28,WHEAT,16,4,2.9
41,4,6.44,SOYBEAN,15,3,58.3
21,4,4.85,COTTON,8,5,28.0
2,5,7.34,COTTON,10,3,5.2
27,3,5.17,CHANA,9,5,39.0
57,2,7.5,PADDY,11,3,281.0
9,3,5.99,SOYBEAN,9,3,17.0
1,3,6.81,SOYBEAN,15,2,2.0
11,3,4.51,CHANA,8,4,14.8
3,4,7.17,WHEAT,11,2,7.0
52,4,5.31,WHEAT,12,3,83.9
23,3,6.5,SOYBEAN,11,2,56.2
26,4,6.92,PADDY,15,4,47.0
4,2,4.99,WHEAT,9,4,9.4
18,5,5.83,COTTON,16,3,24.6
55,5,5.98,MAIZE,9,4,64.1
6,6,5.44,CHANA,9,2,5.3
35,5,5.95,PADDY,9,1,45.2
22,3,5.45,WHEAT,15,4,40.0
43,2,5.58,MAIZE,10,2,137.5
15,4,6.51,SOYBEAN,15,2,19.9
22,5,6.4,CHANA,14,2,27.2
37,3,5.2,WHEAT,11,4,73.5
52,2,7.19,SOYBEAN,14,1,185.9
42,5,7.09,WHEAT,15,3,53.3
12,2,6.03,CHANA,13,3,32.9
47,4,5.8,COTTON,13,4,93.4
49,4,5.63,COTTON,10,4,104.8
42,3,6.62,MAIZE,12,0,109.9
38,2,6.51,SOYBEAN,9,5,111.7
18,4,5.09,COTTON,12,1,34.5
45,4,6.51,CHANA,12,2,79.9
35,6,5.26,SOYBEAN,14,5,36.0
30,3,4.56,WHEAT,11,2,55.3
24,2,6.6,PADDY,13,5,91.8
42,4,6.43,WHEAT,16,3,64.8
30,4,5.73,CHANA,11,5,46.9
14,3,6.08,MAIZE,13,4,30.3
6,4,7.34,SOYBEAN,16,1,12.7
3,3,6.29,WHEAT,8,3,6.9
16,3,6.47,SOYBEAN,15,5,30.6
7,2,4.69,COTTON,8,1,22.8
52,4,5.0,PADDY,11,4,83.9
14,4,5.4,CHANA,10,2,20.1
9,4,6.12,WHEAT,11,0,17.6
15,4,6.83,PADDY,14,1,28.9
21,5,5.46,CHANA,16,2,20.0
35,3,5.57,CHANA,16,1,55.7
2,2,5.27,MAIZE,8,1,4.8
27,2,5.26,COTTON,8,1,85.4
2,3,7.35,MAIZE,16,4,4.7
35,4,6.41,MAIZE,11,3,64.3
18,4,4.97,SOYBEAN,10,1,27.1
14,4,6.67,SOYBEAN,16,4,21.6
20,3,6.67,PADDY,12,0,59.8
18,3,6.5,COTTON,13,3,52.6
10,4,4.9,CHANA,8,4,10.1
25,2,5.72,COTTON,8,0,87.5
2,4,4.82,COTTON,14,3,3.5
25,6,6.95,PADDY,15,4,27.2
54,4,6.47,SOYBEAN,15,0,78.8
33,4,6.02,COTTON,14,4,67.8
36,4,5.53,COTTON,16,0,59.4
31,3,5.05,COTTON,8,1,64.8
14,4,4.82,WHEAT,9,1,16.6
1,3,7.41,COTTON,10,3,3.1
46,2,5.1,COTTON,12,0,177.9
16,4,4.68,CHANA,11,1,19.8
54,5,7.39,MAIZE,11,3,92.6
46,3,6.15,WHEAT,15,2,89.1
52,4,6.89,COTTON,15,1,109.7
3,5,4.63,MAIZE,14,1,4.9
35,5,6.2,COTTON,8,5,52.1
41,4,5.69,PADDY,11,4,78.5
6,3,6.82,PADDY,8,2,14.1
25,5,4.62,MAIZE,12,0,26.2
13,3,5.71,WHEAT,10,3,28.6
53,4,6.9,CHANA,10,2,96.7
34,2,6.07,WHEAT,11,0,122.5
8,4,6.15,WHEAT,9,1,12.1
21,3,4.79,PADDY,14,5,39.7
34,4,4.9,PADDY,11,3,57.3
4,3,6.53,CHANA,12,3,12.0
25,3,6.53,COTTON,9,2,68.1
15,4,7.44,CHANA,13,4,26.6
4,5,6.64,COTTON,16,0,6.0
45,6,5.98,MAIZE,15,5,40.2
12,3,7.07,MAIZE,15,5,26.4
32,4,4.81,SOYBEAN,9,2,34.8
32,4,5.85,PADDY,11,4,62.6
28,3,5.36,SOYBEAN,15,4,43.6
13,2,4.81,SOYBEAN,8,4,27.7
31,4,6.79,PADDY,15,3,53.5
14,5,6.03,SOYBEAN,10,0,17.9
20,4,6.17,WHEAT,15,0,30.6
18,4,5.73,COTTON,13,2,33.0
29,4,5.88,CHANA,14,1,43.8
6,3,4.85,PADDY,9,2,11.8
32,4,6.52,WHEAT,8,0,50.3
29,4,5.8,MAIZE,13,3,45.2
43,3,6.95,CHANA,10,2,108.0
2,5,5.09,CHANA,11,1,2.0
23,3,5.12,CHANA,16,5,34.1
19,6,6.44,SOYBEAN,10,2,20.3
31,4,7.04,SOYBEAN,9,4,51.0
51,3,5.92,SOYBEAN,9,1,90.3
5,4,6.68,SOYBEAN,9,4,6.4
19,4,7.5,WHEAT,13,3,36.4
34,2,7.47,SOYBEAN,9,0,114.6
10,4,6.73,PADDY,14,2,20.0
25,4,6.72,CHANA,14,2,40.3
2,4,5.24,WHEAT,14,4,2.5
11,2,7.0,MAIZE,9,4,36.7
50,4,5.72,SOYBEAN,14,0,69.6
31,2,7.39,MAIZE,15,2,106.9
56,4,4.74,CHANA,15,0,57.6
15,2,5.81,WHEAT,9,4,38.4
9,5,6.17,CHANA,12,5,10.4
23,4,5.72,MAIZE,13,4,32.6
19,4,5.13,WHEAT,16,1,25.7
9,4,6.28,COTTON,13,4,19.7
35,3,6.77,WHEAT,13,4,83.3
21,3,6.43,SOYBEAN,13,5,44.2
9,5,5.2,MAIZE,16,0,8.0
28,5,6.69,CHANA,14,1,34.4
46,2,5.27,CHANA,8,1,105.5
51,4,5.03,CHANA,8,2,58.1
7,4,6.57,PADDY,11,5,13.2
16,4,7.03,PADDY,9,3,29.0
16,2,5.94,SOYBEAN,10,2,54.7
33,3,6.09,COTTON,14,2,91.5
4,3,5.41,PADDY,14,2,7.4
4,5,5.98,WHEAT,10,1,7.4
39,4,4.9,MAIZE,9,0,43.8
40,4,7.37,SOYBEAN,8,4,64.8
17,5,6.9,COTTON,16,1,30.8
37,4,6.5,WHEAT,10,4,71.1
39,5,6.11,CHANA,16,4,41.4
52,4,6.88,PADDY,11,3,118.4
29,3,5.98,WHEAT,13,2,59.3
52,5,5.4,COTTON,14,3,74.6
36,4,4.98,SOYBEAN,13,2,46.9
38,3,6.44,WHEAT,8,1,80.3
39,3,7.29,SOYBEAN,13,4,92.8
50,2,4.96,CHANA,13,3,119.2
37,4,5.04,COTTON,12,5,70.4
52,5,5.8,COTTON,10,1,91.4
35,5,6.92,PADDY,10,1,62.6
7,5,5.38,MAIZE,14,5,8.7
27,3,5.26,COTTON,15,2,58.7
28,4,6.36,WHEAT,10,4,53.8
22,2,6.11,WHEAT,10,2,80.4
14,5,4.68,WHEAT,14,2,13.9
7,4,4.74,CHANA,14,1,9.5
37,4,6.43,COTTON,16,2,73.1
22,4,5.9,COTTON,13,0,41.4
5,4,7.41,WHEAT,14,5,7.5
55,3,6.54,PADDY,8,5,128.0
2,6,4.53,PADDY,14,4,3.7
27,6,5.94,COTTON,9,5,33.2
21,3,5.74,COTTON,14,2,54.9
54,4,4.82,SOYBEAN,10,2,71.4
38,6,7.27,COTTON,16,3,56.1
15,2,6.92,WHEAT,12,4,62.9
21,4,5.19,MAIZE,14,4,28.7
10,3,5.27,CHANA,15,5,15.5
23,4,4.6,COTTON,9,2,33.0
58,2,5.39,COTTON,8,0,190.4
56,4,6.25,WHEAT,14,3,93.7
39,3,5.76,SOYBEAN,13,0,75.1
5,4,7.41,MAIZE,13,2,9.5
1,6,4.67,COTTON,9,4,2.0
13,5,6.27,PADDY,10,4,23.4
21,5,7.07,PADDY,11,0,37.9
26,4,5.94,PADDY,10,1,51.4
50,2,4.51,CHANA,9,2,99.7
45,3,5.23,CHANA,10,4,87.8
21,5,5.47,MAIZE,13,5,24.0
53,4,7.4,COTTON,16,1,121.3
18,3,7.24,COTTON,11,4,65.6
37,4,7.35,COTTON,13,5,90.5
45,3,6.98,CHANA,8,4,95.6
32,3,5.55,MAIZE,13,1,59.1
36,6,7.22,COTTON,10,0,69.8
17,5,7.45,WHEAT,16,2,26.5
35,4,5.55,SOYBEAN,11,1,53.6
49,6,5.28,PADDY,14,1,51.7
11,4,6.14,PADDY,11,4,20.2
21,4,5.06,WHEAT,13,5,28.8
52,2,4.6,COTTON,14,1,161.2
55,3,7.34,MAIZE,9,2,126.5
53,4,7.28,MAIZE,13,0,98.6
26,5,4.99,CHANA,15,5,22.9
4,4,5.72,COTTON,13,0,8.4
34,3,6.99,MAIZE,9,0,73.1
52,3,6.48,COTTON,11,2,171.8
48,5,5.68,PADDY,8,4,58.3
18,3,6.73,PADDY,14,5,48.0
40,4,7.19,CHANA,15,5,61.6
35,2,7.28,PADDY,9,2,133.0
41,2,5.64,COTTON,12,5,172.5
29,4,5.02,WHEAT,15,1,35.5
52,4,7.24,CHANA,15,3,81.1
29,3,4.78,WHEAT,12,3,55.6
38,3,6.67,COTTON,15,3,105.1
42,5,4.92,CHANA,13,0,41.1
21,3,5.67,WHEAT,12,5,47.5
42,4,5.73,CHANA,11,2,66.4
13,6,4.98,COTTON,12,5,17.9
49,3,7.27,MAIZE,11,2,137.7
41,5,4.51,CHANA,8,5,33.3
17,3,7.18,MAIZE,10,0,46.2
56,4,7.15,COTTON,15,1,120.3
9,4,5.45,CHANA,14,3,11.1
41,6,6.61,CHANA,14,3,43.2
1,3,5.26,MAIZE,10,5,2.0
2,4,6.78,PADDY,16,0,5.3
48,6,6.18,MAIZE,13,3,46.8
29,4,5.4,MAIZE,15,5,36.1
33,4,5.7,MAIZE,15,4,44.9
10,3,6.57,COTTON,10,5,34.1
50,4,7.22,SOYBEAN,11,2,99.9
58,2,4.89,MAIZE,13,3,148.6
40,2,6.21,CHANA,9,3,106.5
21,4,5.26,WHEAT,14,4,28.5
28,3,6.9,PADDY,9,1,68.1
11,6,4.71,MAIZE,12,5,9.5
55,5,6.57,MAIZE,11,1,85.6
34,4,5.02,PADDY,16,5,45.5
8,5,6.29,MAIZE,9,4,9.8
59,4,7.01,CHANA,14,1,101.2
22,3,6.77,SOYBEAN,14,0,48.5
8,4,6.76,MAIZE,14,4,13.7
49,3,6.05,PADDY,8,5,107.7
15,3,7.17,MAIZE,15,2,34.0
17,5,6.26,COTTON,9,2,24.3
23,4,7.25,CHANA,12,2,44.0
24,5,6.14,CHANA,9,5,27.1
45,3,6.02,SOYBEAN,12,3,99.5
19,4,5.17,COTTON,14,4,32.3
5,2,6.13,COTTON,13,4,20.9
32,4,4.92,SOYBEAN,12,1,44.2
44,4,7.11,WHEAT,11,4,94.5
1,4,6.53,MAIZE,15,4,2.0
23,3,7.48,COTTON,15,1,70.5
37,2,4.78,WHEAT,8,4,83.5
8,3,5.22,WHEAT,9,4,15.2
13,4,7.13,CHANA,10,0,24.8
8,5,5.69,MAIZE,8,5,8.2
57,3,5.9,CHANA,10,1,121.7
23,4,7.08,PADDY,15,0,42.3
43,5,6.07,CHANA,11,3,55.7
1,4,5.08,COTTON,14,1,2.0
45,4,7.18,COTTON,14,5,111.0
51,5,4.59,MAIZE,12,4,53.4
24,3,7.19,WHEAT,8,4,53.6
35,3,4.65,COTTON,11,0,81.4
24,2,6.5,CHANA,14,0,75.3
17,6,4.72,CHANA,12,3,17.2
5,5,6.62,MAIZE,9,3,5.0
20,4,4.6,CHANA,15,5,23.9
21,2,7.03,SOYBEAN,9,4,67.3
40,4,5.9,MAIZE,15,2,53.4
58,3,4.78,MAIZE,9,3,85.2
31,2,6.62,COTTON,12,4,152.1
46,4,5.97,MAIZE,11,3,79.5
36,6,5.07,PADDY,8,1,34.0
11,5,4.55,COTTON,15,0,12.2
52,4,5.75,COTTON,10,4,114.2
15,2,4.76,SOYBEAN,11,3,40.6
19,3,4.78,COTTON,11,0,47.6
7,3,5.3,WHEAT,12,2,13.1
51,4,6.39,CHANA,10,3,89.8
28,5,6.09,CHANA,16,4,32.6
51,4,4.71,MAIZE,11,1,73.2
43,4,7.41,SOYBEAN,11,0,91.4
58,2,7.16,CHANA,13,0,200.9
5,3,5.28,WHEAT,15,1,6.9
5,4,4.87,SOYBEAN,14,4,4.8
30,3,7.33,PADDY,11,5,96.6
54,4,5.88,CHANA,11,2,89.0
32,5,5.43,COTTON,12,5,51.7
8,4,5.97,WHEAT,12,1,14.4
10,2,6.82,WHEAT,8,2,33.8
38,3,5.01,CHANA,15,4,50.5
47,4,6.8,MAIZE,12,3,90.8
32,4,6.75,PADDY,10,3,74.3
48,4,6.12,COTTON,10,5,112.5
28,4,7.1,PADDY,11,4,67.2
17,4,4.9,PADDY,14,2,23.1
31,4,6.29,CHANA,12,5,55.1
8,3,5.85,COTTON,8,1,17.7
40,5,5.77,CHANA,12,5,50.2
25,3,5.26,CHANA,12,4,48.6
9,2,5.62,MAIZE,13,4,27.3
2,4,4.82,WHEAT,14,3,3.3
15,4,5.25,MAIZE,12,1,22.5
50,5,5.32,MAIZE,9,3,46.7
3,4,6.66,CHANA,9,2,4.5
49,5,4.65,MAIZE,11,2,49.4
36,5,6.45,MAIZE,8,0,44.1
4,4,5.16,SOYBEAN,14,4,3.7
14,4,4.75,COTTON,8,1,20.0
41,4,5.4,WHEAT,10,1,64.6
41,6,5.17,COTTON,14,3,48.4
25,4,6.16,WHEAT,13,5,39.2
58,3,5.57,SOYBEAN,14,5,107.8
55,4,7.4,CHANA,12,3,110.7
50,3,7.39,WHEAT,15,5,117.1
10,4,5.83,WHEAT,13,1,15.9
21,3,6.89,WHEAT,11,3,55.1
36,4,4.54,SOYBEAN,8,5,35.1
12,5,6.14,COTTON,9,0,20.1
27,3,6.73,SOYBEAN,13,4,58.1
40,2,5.15,WHEAT,11,0,124.8
2,3,4.68,MAIZE,10,5,3.4
54,4,4.97,WHEAT,14,2,69.1
13,3,5.83,MAIZE,14,1,27.3
53,3,6.02,CHANA,9,0,92.1
32,3,5.64,SOYBEAN,15,0,54.8
31,4,5.82,MAIZE,8,3,43.9
16,3,5.91,SOYBEAN,14,3,32.5
32,4,6.81,PADDY,8,3,58.6
32,2,4.82,COTTON,10,5,117.4
34,4,6.81,PADDY,10,2,76.5
11,3,6.57,MAIZE,9,0,23.6
10,4,6.72,PADDY,12,4,20.6
15,3,6.7,COTTON,11,3,52.8
17,4,5.91,MAIZE,13,2,25.6
40,5,5.13,CHANA,9,5,36.2
18,5,6.11,CHANA,11,2,23.4
55,4,7.37,COTTON,14,3,137.2
9,4,6.27,COTTON,8,1,18.7
25,5,4.53,MAIZE,10,0,24.7
40,4,4.68,SOYBEAN,8,3,42.1
59,3,7.48,MAIZE,9,4,137.2
14,5,4.72,SOYBEAN,16,0,12.6
58,4,4.64,SOYBEAN,12,2,75.0
25,3,5.56,SOYBEAN,11,4,51.3
50,3,7.41,MAIZE,11,0,144.1
22,3,5.46,WHEAT,15,4,38.8
52,4,5.73,WHEAT,10,2,88.2
30,3,6.4,CHANA,11,3,71.4
20,3,4.57,WHEAT,9,4,27.0
21,3,7.19,WHEAT,13,3,54.1
44,4,6.06,SOYBEAN,16,2,60.7
32,4,5.9,SOYBEAN,11,2,50.7
51,3,7.08,COTTON,13,4,163.6
46,2,7.36,SOYBEAN,11,4,190.6
49,3,5.77,MAIZE,9,2,88.8
56,5,5.02,COTTON,13,4,75.1
21,4,6.95,COTTON,14,4,50.2
35,4,5.71,WHEAT,11,4,57.9
58,2,7.31,SOYBEAN,14,5,209.3
32,4,7.35,WHEAT,15,4,55.8
30,4,4.84,SOYBEAN,10,0,41.7
55,3,7.37,WHEAT,9,2,129.9
39,3,5.6,WHEAT,12,2,86.2
49,4,6.44,WHEAT,9,1,75.0
12,5,4.6,MAIZE,12,3,14.3
41,5,7.17,CHANA,13,1,56.3
47,4,6.42,WHEAT,15,4,70.9
18,4,6.43,PADDY,13,4,36.5
21,3,7.21,PADDY,11,0,66.3
13,4,6.03,PADDY,10,0,27.3
21,4,5.73,MAIZE,9,0,30.1
8,3,7.1,COTTON,8,0,23.3
46,5,6.73,WHEAT,9,0,59.2
40,3,7.35,PADDY,9,0,106.9
46,3,7.32,MAIZE,12,0,127.8
7,4,5.65,COTTON,16,0,10.0
23,4,5.84,PADDY,8,5,37.0
44,4,5.27,SOYBEAN,11,0,64.3
32,3,6.48,CHANA,14,2,68.1
11,5,5.59,WHEAT,10,0,14.4
22,4,6.86,CHANA,15,3,34.2
22,4,4.86,CHANA,10,0,27.7
43,6,4.85,SOYBEAN,15,5,32.3
25,4,5.11,SOYBEAN,9,4,28.1
22,3,4.75,SOYBEAN,12,5,40.2
28,4,6.36,COTTON,11,5,70.8
29,2,4.94,PADDY,16,4,75.0
13,2,4.98,WHEAT,10,0,37.7
18,4,4.54,SOYBEAN,12,0,22.7
2,6,6.85,MAIZE,16,4,2.6
29,3,6.94,WHEAT,13,3,67.0
21,4,4.99,WHEAT,9,1,24.9
15,3,6.72,WHEAT,8,2,31.6
52,4,5.8,SOYBEAN,8,4,67.7
27,4,5.22,SOYBEAN,14,0,35.6
50,4,6.36,PADDY,9,2,85.2
31,3,5.04,SOYBEAN,14,0,52.4
15,4,6.77,SOYBEAN,8,1,21.3
51,6,4.64,WHEAT,11,1,46.2
23,4,7.38,PADDY,11,4,55.6
24,4,4.72,CHANA,12,2,31.5
44,5,6.24,SOYBEAN,8,5,48.1
13,2,7.21,MAIZE,14,2,48.5
22,4,4.54,SOYBEAN,9,5,24.9
43,5,6.0,CHANA,9,1,41.1
37,2,5.55,WHEAT,15,0,97.3
33,4,6.24,PADDY,16,5,51.8
56,3,5.18,WHEAT,13,5,101.5
3,4,4.69,COTTON,8,4,5.5
54,4,6.38,SOYBEAN,8,3,76.9
19,3,5.75,MAIZE,14,1,38.9
23,4,6.37,COTTON,15,5,46.6
29,3,5.13,SOYBEAN,10,1,56.2
30,4,5.52,COTTON,16,4,49.5
39,3,6.19,CHANA,11,0,88.1
44,5,6.28,SOYBEAN,11,2,64.5
47,2,5.62,MAIZE,10,1,150.6
25,5,5.34,SOYBEAN,15,4,25.8
37,4,5.32,COTTON,16,4,57.9
47,3,5.02,PADDY,8,4,81.5
8,4,5.48,COTTON,9,2,11.5
42,4,5.1,SOYBEAN,8,1,48.3
58,4,6.4,SOYBEAN,11,5,105.9
16,3,6.21,PADDY,14,4,35.9
8,4,5.65,WHEAT,14,2,13.3
1,3,5.48,PADDY,13,0,2.0
44,2,5.21,WHEAT,12,3,133.7
5,4,6.11,MAIZE,11,1,9.7
3,2,7.26,SOYBEAN,15,2,9.1
1,3,6.56,CHANA,14,3,5.5
4,2,6.73,CHANA,8,3,12.5
40,3,7.0,COTTON,13,2,125.6
35,3,5.55,PADDY,9,5,69.9
32,6,4.69,PADDY,11,5,35.1
42,2,6.37,CHANA,12,2,147.3
34,4,5.07,WHEAT,15,2,42.3
43,3,6.21,PADDY,13,4,106.7
25,5,6.72,WHEAT,9,0,33.7
10,2,6.85,WHEAT,12,5,41.8
21,6,5.41,WHEAT,12,4,21.7
46,4,6.04,WHEAT,13,3,74.8
39,2,6.36,COTTON,8,3,150.2
27,5,6.96,COTTON,15,3,46.1
27,4,6.78,CHANA,10,2,49.1
2,3,7.46,COTTON,12,1,8.5
41,4,4.52,MAIZE,14,4,49.6
48,5,5.81,PADDY,10,1,73.1
13,4,5.27,MAIZE,13,0,15.5
9,3,4.86,COTTON,12,0,23.5
52,4,7.23,PADDY,14,4,112.2
36,4,7.49,PADDY,10,3,91.5
22,5,5.04,WHEAT,9,5,22.4
42,4,4.62,CHANA,11,0,54.0
26,3,5.33,WHEAT,10,1,53.4
58,5,7.0,WHEAT,11,1,97.0
54,3,5.38,MAIZE,14,5,102.9
12,3,4.67,COTTON,12,2,27.4
17,4,4.66,MAIZE,11,3,21.1
14,4,5.78,COTTON,13,2,27.4
14,2,7.3,MAIZE,14,4,54.0
57,4,5.36,PADDY,12,0,101.2
34,4,5.78,COTTON,14,5,68.7
53,4,4.81,COTTON,10,5,94.9
57,5,5.98,MAIZE,14,5,67.9
20,4,6.59,SOYBEAN,10,2,39.1
11,2,5.31,PADDY,13,2,32.3
16,3,5.39,PADDY,15,4,31.1
51,6,7.03,SOYBEAN,13,1,61.7
31,2,4.53,MAIZE,10,1,81.5
55,4,6.41,MAIZE,12,4,100.9
6,4,5.68,PADDY,16,5,11.0
56,4,5.4,MAIZE,15,1,70.6
19,2,6.47,CHANA,13,4,59.1
37,4,7.0,CHANA,16,1,59.1
58,4,6.18,SOYBEAN,9,4,80.2
4,6,4.59,COTTON,16,1,2.8
47,3,5.88,CHANA,13,5,87.7
4,4,5.89,MAIZE,16,2,7.3
20,4,6.13,SOYBEAN,11,2,35.0
10,4,6.51,CHANA,12,5,16.9
24,4,4.56,WHEAT,9,1,23.8
54,3,6.01,SOYBEAN,10,5,123.3
35,3,6.26,PADDY,8,4,77.1
26,4,5.53,CHANA,11,2,36.3
37,4,6.51,PADDY,9,0,64.2
38,4,5.18,SOYBEAN,9,1,46.0
21,3,5.45,CHANA,8,0,34.4
54,3,7.39,PADDY,9,0,141.6
40,2,5.54,COTTON,11,3,166.8
39,2,5.54,COTTON,13,0,144.3
21,4,6.29,WHEAT,14,0,36.6
10,5,7.41,MAIZE,14,5,12.3
38,3,7.45,SOYBEAN,14,3,92.7
46,3,6.24,MAIZE,11,3,110.5
4,3,4.5,MAIZE,12,3,4.0
57,4,7.2,PADDY,10,4,135.3
45,2,6.21,WHEAT,8,3,130.9
20,5,5.6,SOYBEAN,15,5,20.9
17,4,6.99,COTTON,14,4,39.1
55,6,5.7,MAIZE,16,1,48.0
7,5,4.6,PADDY,11,4,7.6
4,4,6.96,MAIZE,12,1,9.1
29,4,6.14,CHANA,12,3,48.2
14,3,5.51,COTTON,14,3,36.0
3,4,5.25,MAIZE,16,1,5.5
24,5,6.28,CHANA,15,2,25.9
37,2,5.12,CHANA,14,5,90.5
16,5,5.47,PADDY,8,4,18.0
58,3,6.41,PADDY,13,5,149.7
55,5,7.14,CHANA,16,5,67.8
52,5,6.1,WHEAT,14,0,66.3
4,4,6.78,MAIZE,8,3,6.6
56,4,6.79,CHANA,16,4,83.9
24,4,6.49,CHANA,10,5,42.4
34,5,5.24,PADDY,16,4,40.6
30,6,7.1,MAIZE,11,5,41.4
18,4,5.81,SOYBEAN,16,3,23.4
19,4,4.63,COTTON,15,5,28.2
31,4,5.23,PADDY,14,1,46.4
19,5,6.8,MAIZE,11,3,30.7
49,4,4.71,MAIZE,16,4,53.1
46,5,4.94,WHEAT,11,2,55.6
19,4,6.58,COTTON,8,5,40.1
22,2,7.18,PADDY,13,1,92.6
24,4,6.4,PADDY,11,3,49.5
45,4,5.17,SOYBEAN,10,0,62.4
12,3,4.66,WHEAT,12,3,22.3
30,3,6.35,WHEAT,10,4,71.7
58,4,4.64,MAIZE,16,4,62.5
38,2,6.34,MAIZE,13,0,123.1
53,3,5.18,PADDY,10,1,121.7
31,4,7.21,SOYBEAN,12,4,62.7
36,6,5.93,PADDY,15,1,37.0
19,4,5.17,CHANA,15,1,22.7
48,6,7.06,MAIZE,13,3,56.5
45,4,5.26,CHANA,12,1,65.1
36,3,5.42,SOYBEAN,12,5,76.0
30,4,7.0,PADDY,8,4,57.3
55,4,5.43,MAIZE,9,4,68.9
49,4,5.73,SOYBEAN,11,2,77.2
55,2,5.54,PADDY,13,1,180.7
33,4,4.85,PADDY,14,2,45.2
18,2,4.62,CHANA,8,3,36.3
52,4,6.67,COTTON,15,2,106.6
49,3,6.44,WHEAT,8,1,98.3
59,4,5.35,MAIZE,16,4,71.8
28,4,5.39,WHEAT,11,3,42.5
59,2,7.34,SOYBEAN,14,1,218.2
47,4,7.46,WHEAT,13,3,94.6
11,4,5.92,CHANA,16,0,16.8
57,5,6.91,COTTON,9,1,98.5
54,5,6.71,MAIZE,14,0,73.6
45,4,5.39,PADDY,12,2,77.4
33,4,4.68,PADDY,14,1,47.9
17,3,4.93,CHANA,8,0,25.8
6,3,7.01,MAIZE,16,5,14.3
4,3,6.69,WHEAT,8,4,6.9
20,4,6.49,PADDY,12,2,43.1
48,3,4.89,WHEAT,15,1,74.6
47,2,6.42,CHANA,8,1,131.8
27,4,6.82,PADDY,14,4,52.8
15,4,7.08,SOYBEAN,9,4,21.1
6,4,4.54,COTTON,14,0,8.0
47,2,6.55,WHEAT,14,0,157.4
14,4,4.56,MAIZE,16,0,14.2
11,4,6.62,WHEAT,13,3,18.2
39,4,6.41,WHEAT,11,2,72.0
9,3,4.95,WHEAT,14,1,16.2
26,4,6.8,CHANA,14,2,42.2
16,5,4.71,CHANA,11,4,15.9
5,3,6.98,MAIZE,9,5,12.9
57,6,5.29,CHANA,16,2,43.4
52,4,6.57,MAIZE,15,2,80.2
10,3,7.27,MAIZE,12,0,26.4
50,4,5.52,CHANA,12,4,75.3
3,2,6.01,PADDY,8,2,9.4
13,3,5.89,CHANA,16,1,22.4
43,4,4.97,PADDY,15,0,55.0
49,4,6.27,SOYBEAN,12,2,84.4
30,5,6.73,CHANA,13,4,38.5
54,4,7.25,SOYBEAN,15,5,90.3
45,3,7.05,CHANA,13,1,100.0
6,4,6.03,SOYBEAN,11,5,12.7
17,4,6.66,COTTON,10,4,41.7
59,5,6.9,SOYBEAN,14,4,81.4
45,5,5.98,PADDY,9,4,58.8
51,5,4.85,WHEAT,14,5,51.4
53,4,5.81,MAIZE,8,3,71.4
19,4,7.03,SOYBEAN,12,1,39.6
42,3,6.29,WHEAT,16,4,85.3
35,6,6.67,COTTON,8,3,48.4
46,3,5.06,COTTON,15,0,94.0
26,2,7.39,PADDY,16,3,102.1
51,3,5.71,PADDY,16,0,101.7
5,4,6.46,SOYBEAN,15,5,6.9
29,4,4.56,CHANA,11,3,36.0
37,4,4.88,COTTON,14,5,60.6
20,6,6.85,WHEAT,8,4,22.1
49,5,7.4,CHANA,14,3,71.8
21,3,5.46,COTTON,13,3,49.1
10,3,4.61,SOYBEAN,12,4,16.3
5,5,5.58,COTTON,8,0,8.5
36,5,4.55,PADDY,15,4,38.6
6,4,5.08,WHEAT,8,1,5.6
26,4,6.76,WHEAT,8,3,40.8
4,3,7.31,PADDY,10,1,10.9
39,5,4.76,CHANA,15,4,29.4
39,4,6.17,PADDY,15,5,64.5
50,4,5.26,WHEAT,14,4,70.0
35,2,4.92,SOYBEAN,12,2,96.0
1,5,5.16,CHANA,15,1,2.0
24,4,6.23,MAIZE,9,2,34.7
57,3,4.7,COTTON,15,1,107.6
36,4,5.8,MAIZE,9,5,48.6
6,4,4.91,SOYBEAN,12,2,10.3
41,4,5.32,MAIZE,11,2,61.8
54,4,5.07,CHANA,8,1,59.4
46,4,7.15,WHEAT,12,4,96.8
44,5,6.62,WHEAT,14,0,60.4
57,2,7.11,SOYBEAN,8,4,182.9
31,3,5.65,MAIZE,9,0,50.6
20,3,5.44,CHANA,16,1,32.6
24,4,5.64,COTTON,12,3,49.7
25,4,4.56,MAIZE,14,4,28.0
36,5,6.67,MAIZE,9,2,44.5
21,4,5.55,COTTON,14,4,37.1
30,4,5.44,PADDY,14,1,50.0
24,6,6.29,SOYBEAN,14,3,23.9
44,3,5.81,CHANA,12,3,96.4
42,5,7.44,SOYBEAN,16,4,57.4
30,4,5.57,COTTON,9,4,49.9
22,4,6.34,CHANA,11,5,37.4
28,4,5.43,WHEAT,9,4,36.4
7,4,7.47,WHEAT,15,1,15.0
35,3,5.84,CHANA,8,0,60.9
55,4,6.4,SOYBEAN,16,5,80.8
28,4,4.88,SOYBEAN,12,0,37.8
14,5,6.7,WHEAT,10,2,21.3
56,4,5.31,WHEAT,11,1,88.6
10,5,5.85,COTTON,8,5,16.2
16,4,7.15,CHANA,10,3,30.8
16,4,7.41,SOYBEAN,15,5,25.7
54,4,5.77,COTTON,9,2,93.2
31,4,7.0,SOYBEAN,9,3,46.5
42,6,4.66,WHEAT,16,5,30.3
25,4,7.04,CHANA,12,3,47.4
13,4,6.39,PADDY,12,4,27.4
6,2,5.97,CHANA,8,3,16.5
44,4,7.17,MAIZE,13,5,80.5
9,3,7.04,PADDY,15,3,25.2
45,4,5.39,COTTON,13,1,79.8
36,3,6.87,PADDY,14,4,98.0
56,3,4.8,PADDY,11,4,116.5
43,3,6.97,COTTON,9,2,120.2
20,3,6.53,CHANA,8,4,38.4
18,3,4.76,COTTON,13,0,40.0
58,5,6.55,MAIZE,16,1,70.3
43,4,6.24,WHEAT,12,2,79.3
57,4,6.28,WHEAT,9,0,87.0
21,4,5.37,PADDY,8,3,28.2
4,3,5.3,COTTON,10,0,11.8
50,5,6.79,COTTON,11,2,101.5
33,3,5.27,COTTON,14,4,78.3
27,3,5.84,MAIZE,16,1,49.7
7,4,6.58,MAIZE,15,2,9.0
6,3,4.74,CHANA,16,0,7.2
15,4,6.28,SOYBEAN,14,0,24.5
18,4,6.27,SOYBEAN,15,2,25.1
32,4,6.55,SOYBEAN,15,5,46.2
56,4,5.61,CHANA,8,5,68.9
11,3,5.85,COTTON,16,2,24.5
20,4,5.49,SOYBEAN,9,5,23.0
24,3,6.92,COTTON,14,2,70.9
15,4,4.89,PADDY,12,4,24.8
48,2,7.39,SOYBEAN,11,2,198.8
7,4,6.4,PADDY,8,3,12.7
21,4,7.16,CHANA,8,1,34.7
42,4,5.78,WHEAT,10,1,71.2
26,6,5.5,MAIZE,8,3,22.1
44,5,7.2,CHANA,15,0,55.9
56,4,4.8,CHANA,10,0,72.0
14,4,4.85,CHANA,9,0,12.7
57,3,5.4,SOYBEAN,13,0,100.6
37,4,7.38,PADDY,11,4,90.2
58,3,6.4,MAIZE,11,3,144.6
21,3,6.16,SOYBEAN,9,1,41.3
18,6,6.62,WHEAT,9,3,18.4
5,4,5.75,MAIZE,13,1,7.7
3,4,6.77,CHANA,12,0,8.3
23,3,5.68,COTTON,16,4,53.7
26,4,6.98,WHEAT,11,2,53.7
37,2,5.3,PADDY,12,2,129.9
24,2,5.33,WHEAT,8,5,61.7
49,2,6.07,SOYBEAN,9,0,132.3
19,4,5.79,COTTON,10,0,42.7
51,4,6.44,SOYBEAN,12,3,92.8
25,2,5.59,MAIZE,12,4,82.5
21,4,5.19,CHANA,11,4,30.3
12,3,5.91,CHANA,10,3,27.2
57,4,6.18,WHEAT,16,4,82.3
41,6,4.93,CHANA,8,4,28.5
33,4,6.17,CHANA,13,2,49.4
50,5,5.46,MAIZE,14,4,55.0
53,5,5.68,PADDY,11,0,80.8
4,4,5.34,PADDY,10,2,4.9
42,4,7.29,SOYBEAN,15,0,68.9
57,5,6.55,SOYBEAN,16,0,66.5
7,4,5.29,PADDY,8,3,8.7
22,3,6.44,WHEAT,16,5,42.8
55,5,7.05,PADDY,14,4,91.2
33,4,5.7,SOYBEAN,8,4,42.4
17,3,6.99,COTTON,14,4,56.1
24,4,4.96,CHANA,12,4,36.1
34,4,6.97,MAIZE,14,2,59.3
28,4,6.12,COTTON,16,1,49.2
58,4,5.17,COTTON,15,0,89.3
43,4,5.72,CHANA,13,5,59.3
41,4,7.46,PADDY,9,5,83.1
39,4,6.85,WHEAT,15,1,62.7
22,4,6.23,COTTON,11,1,52.6
49,4,4.85,WHEAT,15,1,55.2
17,4,5.75,MAIZE,14,2,24.4
34,4,5.29,MAIZE,11,1,52.2
6,4,4.71,MAIZE,15,2,6.6
46,6,6.13,SOYBEAN,9,3,42.3
6,3,7.17,COTTON,16,3,15.8
34,3,6.53,MAIZE,13,5,78.0
1,4,5.25,SOYBEAN,14,3,3.1
10,5,6.22,MAIZE,8,2,13.4
21,3,7.33,PADDY,10,2,66.8
5,3,6.67,COTTON,12,0,17.0
2,2,6.57,SOYBEAN,14,1,5.8
22,4,7.4,MAIZE,8,4,36.5
48,3,6.9,SOYBEAN,16,4,100.0
57,4,4.91,MAIZE,12,1,77.7
2,4,5.54,PADDY,10,4,4.9
10,5,7.4,WHEAT,14,4,13.8
34,4,5.97,MAIZE,15,4,46.8
16,3,4.83,WHEAT,10,5,27.0
48,4,5.88,COTTON,14,2,97.5
51,6,6.59,PADDY,14,2,66.9
39,4,7.49,COTTON,11,2,110.5
22,6,5.47,WHEAT,16,1,18.0
12,5,6.04,PADDY,8,3,13.8
24,2,7.14,CHANA,8,5,74.6
47,4,5.57,PADDY,12,5,86.9
40,3,4.83,PADDY,10,4,84.7
38,4,7.35,CHANA,16,0,61.8
59,3,5.97,SOYBEAN,12,2,134.3
10,3,6.01,SOYBEAN,14,5,18.4
35,5,6.36,SOYBEAN,8,5,40.6
51,3,4.51,WHEAT,9,0,75.5
49,5,7.29,PADDY,11,4,94.0
32,2,5.58,MAIZE,16,5,83.0
7,2,5.69,CHANA,12,5,22.3
21,5,5.02,MAIZE,12,3,25.4
20,4,5.63,WHEAT,16,0,28.3
26,4,6.91,CHANA,15,4,39.4
4,3,6.9,MAIZE,9,4,7.4
46,4,7.31,WHEAT,14,2,89.1
52,4,5.71,WHEAT,8,3,69.1
22,4,6.63,WHEAT,16,4,35.1
15,4,6.02,CHANA,10,3,24.6
56,6,6.91,MAIZE,9,2,60.1
40,4,6.64,MAIZE,11,0,76.6
21,5,5.6,COTTON,11,5,37.1
15,4,5.51,WHEAT,10,5,25.3
22,4,5.26,SOYBEAN,9,1,27.1
52,2,6.23,PADDY,12,1,213.4
28,4,7.39,COTTON,11,1,75.7
14,5,5.1,COTTON,12,5,21.0
27,3,4.79,CHANA,15,3,38.3
41,3,4.86,COTTON,9,1,80.8
40,3,6.85,MAIZE,16,0,84.4
58,3,5.55,CHANA,8,4,94.1
28,5,5.17,CHANA,15,3,24.9
26,5,5.56,SOYBEAN,12,5,32.5
49,4,6.44,WHEAT,9,0,71.9
2,2,6.14,COTTON,15,5,8.6
25,4,6.73,WHEAT,12,3,50.6
56,4,5.52,WHEAT,10,3,94.3
3,6,5.86,WHEAT,14,3,2.0
8,4,4.81,CHANA,11,2,9.7
44,3,4.72,WHEAT,13,4,72.9
33,4,5.89,COTTON,15,1,59.0
42,6,5.4,CHANA,8,2,35.4
52,4,6.34,COTTON,9,4,99.6
35,4,4.63,CHANA,15,5,35.2
6,3,4.87,PADDY,14,1,10.6
39,4,7.1,PADDY,16,2,75.9
52,4,6.2,PADDY,9,2,86.5
23,3,6.64,PADDY,15,0,56.5
25,4,7.03,CHANA,13,2,46.8
59,3,5.89,WHEAT,8,3,108.9
50,3,6.78,SOYBEAN,11,5,128.3
43,2,6.07,MAIZE,9,2,121.2
19,3,5.17,SOYBEAN,14,3,31.6
5,4,5.51,PADDY,16,4,5.1
51,2,5.97,WHEAT,13,4,163.1
11,3,5.45,COTTON,11,3,31.7
56,5,5.51,WHEAT,12,0,72.4
12,4,5.51,COTTON,8,0,21.0
10,4,4.87,SOYBEAN,11,4,10.9
8,4,4.75,WHEAT,10,5,11.1
24,4,4.64,WHEAT,16,2,25.3
28,3,4.83,MAIZE,13,4,48.6
41,5,5.53,SOYBEAN,11,4,53.1
36,3,6.28,WHEAT,10,3,90.3
37,4,5.06,COTTON,11,0,72.2
21,3,7.16,WHEAT,15,5,46.7
8,4,6.93,COTTON,12,3,22.0
55,4,6.06,PADDY,8,4,86.6
9,4,6.67,WHEAT,12,1,15.4
47,3,5.6,COTTON,15,2,106.5
15,4,4.61,SOYBEAN,11,4,20.2
48,6,7.21,PADDY,9,3,62.3
46,5,4.88,WHEAT,10,1,51.1
40,2,7.34,MAIZE,16,1,134.4
18,4,6.22,COTTON,14,4,36.9
42,5,5.42,MAIZE,10,5,51.3
20,4,5.99,WHEAT,12,0,36.2
6,4,6.0,COTTON,10,1,12.1
12,5,4.57,WHEAT,11,2,15.9
2,5,5.57,PADDY,15,3,2.9
7,4,6.72,PADDY,10,3,15.3
16,4,6.03,WHEAT,10,3,26.7
3,3,5.23,WHEAT,15,4,3.0
45,4,5.51,CHANA,14,3,59.3
3,3,7.09,WHEAT,14,3,6.6
27,3,6.08,WHEAT,9,2,49.4
50,4,6.09,MAIZE,14,0,80.3
43,3,7.38,MAIZE,10,5,120.7
40,4,5.46,PADDY,14,4,64.8
38,4,5.94,MAIZE,11,4,65.9
33,4,6.94,WHEAT,15,3,51.9
28,4,6.78,SOYBEAN,15,2,42.2
1,5,5.3,WHEAT,13,1,2.0
55,2,4.95,CHANA,10,3,148.5
8,4,6.6,COTTON,13,3,17.8
37,5,5.27,PADDY,13,4,45.8
32,4,7.27,MAIZE,10,4,66.0
48,4,4.89,SOYBEAN,11,3,67.5
43,5,5.45,COTTON,9,4,56.5
37,3,4.66,SOYBEAN,8,2,49.7
4,4,6.61,PADDY,9,1,5.6
30,4,7.17,MAIZE,14,1,52.4
6,3,6.41,CHANA,12,1,12.9
46,5,7.31,PADDY,16,3,70.2
54,5,4.89,SOYBEAN,10,5,60.2
19,4,4.76,SOYBEAN,9,3,21.3
32,3,7.02,PADDY,11,3,99.2
9,2,7.07,WHEAT,9,2,31.6
12,4,6.99,PADDY,14,1,22.9
11,2,6.9,MAIZE,13,4,39.5
46,4,5.59,MAIZE,15,4,57.7
55,4,5.15,CHANA,12,0,76.2
16,4,7.29,PADDY,9,0,31.5
1,4,5.42,COTTON,11,5,2.0
45,4,5.7,MAIZE,8,4,62.1
55,3,6.6,MAIZE,9,1,112.1
53,3,5.38,MAIZE,11,3,111.1
21,4,6.96,WHEAT,13,4,38.0
30,4,4.71,COTTON,11,5,53.6
13,4,6.87,PADDY,11,5,29.0
34,4,6.31,WHEAT,9,4,51.2
4,6,6.22,MAIZE,16,0,6.4
28,3,5.88,COTTON,15,1,69.0
38,2,5.33,COTTON,15,4,122.4
58,3,5.89,WHEAT,12,3,134.1
31,4,5.85,MAIZE,10,3,52.5
59,4,6.25,WHEAT,13,2,97.8
55,5,5.34,SOYBEAN,16,3,55.8
27,4,4.73,MAIZE,15,4,31.7
5,5,4.94,WHEAT,14,4,4.8
25,5,6.6,PADDY,15,3,35.7
3,2,4.57,MAIZE,11,0,8.3
33,4,7.07,CHANA,13,1,55.4
4,4,6.58,MAIZE,12,5,9.1
25,3,6.8,SOYBEAN,9,4,47.4
20,4,7.01,WHEAT,15,3,34.8
34,4,4.87,CHANA,10,5,45.5
26,3,6.97,SOYBEAN,12,3,65.0
5,4,6.01,PADDY,15,4,6.4
35,4,7.16,MAIZE,16,2,55.2
28,2,7.16,CHANA,16,1,90.2
29,4,4.57,WHEAT,12,4,37.6
9,3,5.65,WHEAT,9,5,17.5
52,4,6.08,PADDY,14,3,94.4
38,3,6.54,SOYBEAN,14,2,82.4
50,5,5.36,CHANA,15,4,45.8
6,4,5.26,PADDY,15,1,9.2
19,3,5.64,SOYBEAN,12,2,40.4
44,4,6.0,COTTON,8,5,81.7
57,4,7.35,COTTON,11,3,156.5
11,4,6.79,SOYBEAN,11,0,22.5
2,4,5.79,WHEAT,10,1,5.4
47,4,4.66,WHEAT,15,2,51.7
44,3,5.01,COTTON,10,4,109.5
44,2,5.87,WHEAT,12,4,151.6
9,4,6.94,WHEAT,9,2,13.9
21,4,5.64,SOYBEAN,13,4,29.3
24,4,6.12,MAIZE,13,2,36.6
34,5,7.18,SOYBEAN,15,1,44.7
22,4,7.24,WHEAT,15,4,38.8
3,4,5.15,SOYBEAN,8,1,2.9
12,3,4.63,CHANA,12,3,17.2
28,2,5.42,COTTON,9,3,92.9
30,5,6.59,MAIZE,12,3,43.5
26,4,7.35,CHANA,16,3,42.1
48,4,4.73,CHANA,11,4,61.7
21,3,4.59,WHEAT,15,2,30.0
28,4,7.15,WHEAT,8,4,48.5
56,5,6.74,CHANA,15,5,66.6
26,2,7.48,CHANA,13,4,94.5
33,5,5.69,PADDY,15,1,41.2
21,4,5.75,PADDY,13,2,34.9
35,4,5.02,COTTON,10,0,65.7
52,4,4.85,CHANA,15,0,56.7
34,5,6.24,SOYBEAN,12,2,48.5
41,2,5.59,MAIZE,12,0,131.9
51,3,4.74,PADDY,14,2,91.8
47,5,7.16,WHEAT,13,1,71.3
18,4,5.1,CHANA,16,1,20.8
58,2,6.75,SOYBEAN,14,4,193.3
11,4,5.35,MAIZE,10,0,15.7
57,4,6.94,SOYBEAN,12,2,110.2
23,4,4.86,SOYBEAN,16,1,25.9
48,3,6.77,WHEAT,9,4,106.6
22,4,4.79,PADDY,8,0,29.7
17,3,5.84,SOYBEAN,15,0,27.6
5,4,6.7,MAIZE,15,0,7.1
44,5,5.02,PADDY,9,1,46.9
11,4,5.36,COTTON,15,1,18.7
30,3,7.09,WHEAT,12,0,82.5
15,3,7.16,PADDY,9,1,38.9
27,4,4.63,PADDY,14,0,36.0
35,4,5.0,SOYBEAN,14,3,44.6
33,4,4.85,MAIZE,10,1,46.4
20,4,5.04,SOYBEAN,8,2,25.8
16,4,7.41,MAIZE,11,1,35.7
34,3,6.15,WHEAT,9,0,68.2
2,2,5.9,PADDY,11,2,6.2
35,2,7.45,CHANA,15,4,113.2
40,3,6.17,MAIZE,9,2,77.1
56,4,6.48,MAIZE,8,2,82.7
28,5,5.5,SOYBEAN,10,1,36.1
47,4,5.65,SOYBEAN,14,5,66.4
39,3,6.28,COTTON,13,2,111.4
6,3,4.71,MAIZE,13,2,10.4
9,3,5.27,WHEAT,14,0,16.7
20,3,5.09,PADDY,15,1,35.9
1,4,4.55,PADDY,10,0,2.0
8,4,6.11,PADDY,10,1,14.9
55,3,6.18,MAIZE,15,4,106.9
23,3,5.65,SOYBEAN,14,5,44.2
3,2,5.31,WHEAT,12,2,11.2
4,3,6.46,PADDY,11,1,10.6
58,4,4.9,MAIZE,13,2,74.9
25,3,6.06,CHANA,16,2,43.8
47,4,6.8,COTTON,13,3,108.3
38,4,4.99,COTTON,15,0,59.6
15,5,6.76,PADDY,8,5,24.7
21,5,6.78,SOYBEAN,13,1,30.0
35,4,4.68,COTTON,9,4,50.1
57,2,4.56,COTTON,10,5,197.0
53,4,7.42,COTTON,13,3,134.0
53,4,5.08,COTTON,9,0,82.9
46,2,6.97,PADDY,11,4,211.2
52,4,6.19,MAIZE,13,4,83.7
14,5,5.29,WHEAT,12,2,19.4
36,4,4.89,WHEAT,13,0,48.9
12,2,5.99,SOYBEAN,13,3,35.9
17,2,5.72,MAIZE,15,1,43.6
39,4,6.6,CHANA,16,1,53.5
9,3,7.21,WHEAT,12,3,26.7
35,4,6.92,CHANA,13,2,56.2
13,4,5.32,WHEAT,13,2,18.6
15,3,7.14,WHEAT,13,4,39.1
18,5,7.0,SOYBEAN,9,0,22.5
51,4,7.29,COTTON,11,4,138.1
33,3,5.88,SOYBEAN,8,1,56.4
6,4,6.81,WHEAT,8,3,8.3
59,4,6.27,MAIZE,8,0,86.0
27,4,5.43,COTTON,14,3,51.1
23,5,7.48,MAIZE,8,0,32.1
59,4,4.61,MAIZE,13,5,73.3
27,5,4.99,MAIZE,9,1,26.6
34,4,7.18,COTTON,13,1,82.4
56,4,4.68,MAIZE,13,5,67.3
46,6,7.16,COTTON,10,0,82.2
38,4,6.65,CHANA,15,2,55.4
14,3,4.61,WHEAT,11,0,26.2
36,4,5.79,PADDY,14,1,61.7
53,4,6.76,MAIZE,11,3,102.9
8,3,6.25,SOYBEAN,8,4,13.5
35,6,7.31,CHANA,13,3,44.0
19,3,7.1,SOYBEAN,12,1,51.4
30,3,5.5,PADDY,16,3,59.0
14,5,4.75,COTTON,16,2,16.9
59,4,7.33,PADDY,15,2,116.7
20,2,6.05,SOYBEAN,14,0,59.7
49,4,4.72,PADDY,9,3,61.4
25,4,6.95,WHEAT,15,3,40.1
40,2,7.11,PADDY,10,1,187.8
24,6,6.42,MAIZE,13,0,25.4
14,4,5.84,WHEAT,14,0,20.0
26,4,6.49,MAIZE,13,3,41.0
38,4,6.62,PADDY,12,4,85.6
23,4,7.18,WHEAT,11,3,48.2
22,3,7.37,WHEAT,9,3,52.1
48,3,6.04,PADDY,16,3,103.0
57,4,6.9,CHANA,14,2,95.7
19,5,7.39,COTTON,14,5,34.8
46,2,4.95,COTTON,11,0,171.4
51,4,4.55,COTTON,12,5,89.5
3,5,7.11,WHEAT,13,2,7.4
42,3,5.09,COTTON,9,4,86.0
19,2,4.63,WHEAT,11,1,51.5
9,3,4.98,CHANA,11,4,17.8
28,4,5.65,PADDY,11,0,53.0
20,3,5.16,PADDY,14,1,40.5
45,4,5.42,WHEAT,14,5,63.9
7,4,7.43,WHEAT,14,4,12.8
14,4,6.61,CHANA,14,0,21.5
9,3,6.64,COTTON,9,4,24.4
59,4,4.78,CHANA,12,1,77.1
55,4,6.7,PADDY,9,1,98.5
57,5,6.72,PADDY,12,4,100.2
19,5,6.48,MAIZE,13,2,27.3
47,4,5.19,COTTON,10,4,89.6
52,4,5.77,PADDY,13,5,89.0
14,3,7.04,MAIZE,12,4,37.2
56,3,6.51,WHEAT,11,4,142.1
38,3,6.7,PADDY,16,2,89.8
53,4,6.26,SOYBEAN,15,3,72.5
36,3,5.85,COTTON,14,1,94.9
40,3,6.78,MAIZE,8,5,86.5
17,6,4.7,COTTON,16,0,15.2
30,3,6.52,COTTON,16,1,82.8
9,3,7.49,SOYBEAN,13,1,21.1
33,2,6.84,CHANA,14,3,108.4
56,4,5.37,WHEAT,10,1,90.8
52,4,5.33,COTTON,12,1,102.9
25,4,6.5,PADDY,14,2,47.4
14,4,7.19,WHEAT,8,2,26.5
11,4,6.23,PADDY,8,2,16.5
53,5,6.08,WHEAT,12,2,77.0
35,6,4.98,WHEAT,16,2,28.4
41,5,6.65,MAIZE,14,5,53.2
59,4,6.61,PADDY,8,0,102.8
14,3,7.4,PADDY,12,3,49.2
30,2,5.4,WHEAT,15,4,77.3
41,2,6.77,COTTON,15,5,169.3
4,4,5.8,PADDY,9,2,6.5
59,5,6.18,SOYBEAN,14,3,75.8
4,4,6.95,SOYBEAN,12,4,6.3
28,2,5.17,WHEAT,16,1,67.7
8,4,5.53,CHANA,10,5,11.8
2,5,6.82,WHEAT,8,1,3.4
41,4,6.21,WHEAT,11,3,75.4
46,5,4.78,COTTON,14,0,59.3
22,5,5.79,COTTON,8,0,30.2
41,5,6.26,MAIZE,9,3,48.7
56,4,7.23,CHANA,12,0,107.0
55,4,5.07,CHANA,16,0,60.1
16,3,6.92,CHANA,8,1,31.0
29,2,4.89,CHANA,11,0,75.4
49,4,5.23,CHANA,10,0,66.8
48,3,5.23,WHEAT,12,3,99.1
30,6,7.13,WHEAT,12,0,42.7
12,3,5.1,MAIZE,9,5,19.6
35,5,6.86,SOYBEAN,12,2,55.2
11,4,5.89,SOYBEAN,16,2,16.3
46,3,7.5,MAIZE,12,3,129.9
50,5,7.02,MAIZE,9,2,66.3
21,4,6.72,PADDY,14,1,41.8
21,4,7.11,WHEAT,13,5,39.5
5,3,6.4,CHANA,14,5,10.1
48,4,7.03,PADDY,15,3,88.9
20,3,5.28,COTTON,12,0,54.0
37,4,4.79,WHEAT,9,2,40.6
3,4,6.35,MAIZE,14,1,6.6
44,4,5.8,SOYBEAN,14,3,62.9
33,4,5.78,WHEAT,15,3,42.2
53,4,6.08,MAIZE,14,0,83.1
9,3,5.58,WHEAT,14,4,15.8
9,5,6.38,WHEAT,16,2,9.1
4,3,4.59,WHEAT,15,1,6.8
35,4,7.41,COTTON,9,3,80.2
17,4,7.27,SOYBEAN,9,2,27.7
34,5,7.31,WHEAT,14,1,49.1
24,4,5.6,MAIZE,10,5,39.6
32,4,6.1,COTTON,8,5,58.8
1,4,7.36,PADDY,16,1,4.0
8,4,7.21,WHEAT,10,5,20.0
45,3,6.87,COTTON,8,3,123.1
23,4,5.72,CHANA,13,2,35.5
47,4,6.19,PADDY,11,1,93.8
40,6,6.88,SOYBEAN,8,3,40.6
12,4,5.32,WHEAT,11,2,20.4
54,4,6.38,WHEAT,15,2,80.7
12,3,6.98,COTTON,14,3,36.3
46,5,6.62,SOYBEAN,8,2,52.4
47,5,5.94,CHANA,16,4,46.8
15,3,6.25,PADDY,13,1,35.6
41,3,7.47,MAIZE,9,1,96.2
19,4,6.31,SOYBEAN,10,2,36.1
26,3,6.86,WHEAT,14,3,61.3
52,3,6.68,COTTON,10,0,174.3
29,3,6.6,CHANA,10,5,67.8
22,3,6.65,COTTON,12,2,71.4
40,4,5.86,PADDY,10,0,75.2
21,4,5.92,SOYBEAN,10,2,32.9
51,3,5.9,COTTON,12,0,151.5
38,3,4.6,MAIZE,12,2,66.4
20,3,5.22,MAIZE,16,3,31.9
57,4,4.96,COTTON,8,5,86.6
29,3,7.16,WHEAT,8,0,65.6
51,4,5.32,COTTON,16,4,80.8
4,4,4.92,CHANA,12,3,6.8
55,2,4.86,SOYBEAN,11,5,146.8
7,2,6.6,PADDY,9,2,23.4
28,2,4.52,MAIZE,16,0,61.5
28,4,5.91,COTTON,13,5,56.1
4,5,4.86,CHANA,16,1,2.0
22,2,7.05,MAIZE,12,3,87.3
12,5,7.38,MAIZE,11,0,20.0
45,3,7.38,PADDY,14,3,129.4
3,5,5.83,MAIZE,12,0,5.1
22,4,6.43,CHANA,15,1,32.6
44,4,6.3,MAIZE,15,4,63.7
2,4,5.55,MAIZE,9,1,2.4
24,4,5.83,COTTON,12,2,51.3
34,5,4.69,COTTON,15,3,38.6
27,4,6.89,SOYBEAN,10,4,50.6
55,4,5.22,WHEAT,14,3,75.4
41,3,5.88,CHANA,10,5,86.3
1,3,5.94,WHEAT,13,0,3.0
8,5,6.18,WHEAT,9,2,11.0
23,4,6.95,MAIZE,13,2,43.1
38,4,6.58,PADDY,13,3,73.5
6,4,6.49,PADDY,15,2,11.3
22,5,6.08,MAIZE,12,3,30.2
25,4,4.79,CHANA,8,0,24.9
18,4,5.71,WHEAT,15,0,22.3
17,4,7.37,SOYBEAN,16,3,28.8
12,4,7.49,WHEAT,8,1,18.3
6,3,6.69,PADDY,12,1,19.0
26,5,5.18,WHEAT,13,0,27.8
27,4,4.81,COTTON,11,4,48.6
8,5,5.74,COTTON,9,1,12.2
19,2,7.07,SOYBEAN,12,3,72.5
42,2,6.67,CHANA,11,0,151.6
1,5,7.15,WHEAT,14,2,3.9
57,4,6.35,COTTON,13,2,121.1
29,4,4.89,CHANA,10,1,36.5
45,4,4.84,COTTON,16,4,65.8
49,4,4.64,CHANA,11,5,63.7
35,4,6.2,CHANA,12,1,57.8
40,2,5.23,COTTON,10,4,155.6
14,5,6.7,MAIZE,15,1,16.8
35,5,6.56,PADDY,14,2,51.9
48,3,5.45,CHANA,14,4,80.9
45,5,5.03,MAIZE,15,2,43.3
20,5,4.81,WHEAT,14,3,21.8
56,4,6.71,MAIZE,10,3,109.3
49,4,5.85,COTTON,10,0,109.6
13,4,5.47,MAIZE,9,2,15.9
38,3,7.07,PADDY,8,2,97.3
49,4,6.28,COTTON,12,0,115.3
46,5,6.05,SOYBEAN,11,3,62.4
49,4,6.73,WHEAT,9,3,77.1
8,4,6.95,SOYBEAN,8,4,10.4
43,3,6.56,MAIZE,10,4,107.7
20,2,5.82,CHANA,13,5,59.6
33,4,5.64,MAIZE,9,3,45.6
26,2,6.81,CHANA,14,5,86.7
39,4,6.05,SOYBEAN,14,1,58.2
21,4,6.61,SOYBEAN,10,2,38.2
53,4,7.17,CHANA,8,4,85.6
49,3,7.25,PADDY,16,1,126.0
42,4,5.33,WHEAT,12,4,67.3
43,4,5.06,COTTON,9,0,65.4
54,2,5.28,SOYBEAN,15,2,128.3
41,2,6.75,WHEAT,11,5,164.6
9,3,5.61,COTTON,14,5,21.5
24,5,5.02,MAIZE,12,4,28.4
37,3,4.8,COTTON,10,3,88.3
49,4,5.48,SOYBEAN,15,5,61.4
41,6,4.91,PADDY,9,0,34.6
17,4,4.97,PADDY,8,0,25.1
24,3,6.55,WHEAT,12,3,61.8
21,5,4.56,MAIZE,11,0,23.3
51,2,4.85,WHEAT,14,2,129.9
59,4,7.03,CHANA,16,4,89.9
39,5,7.03,PADDY,13,0,65.4
55,4,5.49,WHEAT,8,2,73.4
41,4,4.76,CHANA,15,3,40.5
39,3,6.61,MAIZE,9,4,80.3
13,4,5.58,COTTON,11,3,27.2
11,4,4.64,WHEAT,10,4,15.4
46,3,4.97,CHANA,13,0,75.7
19,6,4.91,PADDY,9,0,17.8
11,5,6.27,COTTON,12,4,22.6
13,5,7.19,WHEAT,16,2,18.2
46,4,6.88,PADDY,10,2,103.9
45,4,6.14,COTTON,9,2,80.4
1,5,5.77,SOYBEAN,9,1,3.2
40,5,6.36,PADDY,16,5,50.4
44,4,5.83,SOYBEAN,13,5,66.4
19,3,5.24,MAIZE,9,5,32.0
12,2,6.54,WHEAT,10,2,49.2
8,4,7.12,CHANA,8,0,12.8
8,4,5.62,WHEAT,9,1,11.4
53,5,7.02,PADDY,9,2,78.9
45,3,5.79,SOYBEAN,9,0,78.5
12,3,5.7,SOYBEAN,14,1,21.7
48,4,4.58,COTTON,10,0,82.9
33,4,6.59,WHEAT,11,4,62.8
45,3,6.92,WHEAT,9,0,98.7
26,4,6.49,PADDY,12,1,55.7
39,4,4.95,SOYBEAN,16,2,43.6
28,4,4.81,PADDY,16,5,35.7
58,4,6.22,PADDY,14,1,105.1
5,3,5.7,MAIZE,15,2,9.7
8,4,5.79,SOYBEAN,12,2,13.4
25,5,7.4,PADDY,12,3,49.3
27,2,6.67,SOYBEAN,10,4,99.6
46,5,5.74,PADDY,13,3,63.1
23,4,4.56,CHANA,8,5,21.8
30,5,4.6,PADDY,10,1,35.7
45,5,6.55,PADDY,9,3,62.9
47,3,7.01,CHANA,14,5,107.9
23,4,6.62,WHEAT,16,2,34.4
49,3,5.72,SOYBEAN,11,1,103.2
47,5,4.59,COTTON,14,3,55.1
20,4,7.4,CHANA,15,0,33.1
18,4,7.46,WHEAT,9,5,31.4
18,4,6.15,PADDY,14,5,33.2
2,5,4.71,MAIZE,10,4,2.7
4,3,6.12,WHEAT,15,0,8.9
30,4,7.18,CHANA,13,1,52.0
33,4,6.54,MAIZE,10,3,61.3
36,4,6.66,PADDY,15,2,64.1
18,4,4.75,WHEAT,10,3,25.9
37,4,4.82,COTTON,16,1,53.7
19,3,4.88,SOYBEAN,10,1,34.8
47,5,7.21,SOYBEAN,8,1,59.2
28,3,6.08,CHANA,9,1,47.7
40,4,6.87,PADDY,11,5,88.4
20,3,4.85,PADDY,9,3,34.8
49,2,7.28,SOYBEAN,11,0,201.1
33,3,6.96,WHEAT,11,2,88.2
12,4,5.17,PADDY,11,2,20.8
58,4,7.12,COTTON,8,4,126.3
51,2,5.29,COTTON,16,5,163.4
15,2,5.12,PADDY,14,1,47.5
41,5,5.29,PADDY,9,1,44.0
39,2,7.23,SOYBEAN,10,1,157.5
2,5,7.25,CHANA,15,5,2.0
29,3,5.49,SOYBEAN,14,0,53.4
41,4,6.62,CHANA,11,1,72.5
10,3,6.53,COTTON,11,4,29.9
2,5,6.92,CHANA,16,4,3.3
51,4,5.39,SOYBEAN,12,0,76.8
11,4,6.03,PADDY,12,5,21.5
13,2,6.5,CHANA,14,1,42.5
10,4,4.58,SOYBEAN,8,3,9.2
14,4,5.63,COTTON,10,3,30.7
18,2,6.59,MAIZE,9,2,56.4
51,2,5.26,CHANA,13,0,128.7
54,5,7.37,COTTON,13,3,107.0
9,3,4.59,COTTON,8,2,19.3
57,4,7.37,WHEAT,13,4,108.8
39,4,5.15,MAIZE,9,2,47.6
28,5,4.65,CHANA,11,1,28.3
3,5,5.38,SOYBEAN,13,1,5.1
20,6,6.86,CHANA,10,4,24.8
6,3,6.76,CHANA,10,0,15.7
27,5,5.13,MAIZE,10,5,29.6
53,3,5.09,COTTON,11,1,132.6
2,4,6.43,COTTON,16,1,2.3
29,4,5.87,COTTON,11,2,63.7
38,2,6.88,COTTON,11,2,196.8
3,5,4.57,MAIZE,11,2,4.8
16,2,6.33,SOYBEAN,14,3,49.9
30,4,6.69,PADDY,12,4,66.4
40,4,7.48,WHEAT,9,0,71.3
2,4,6.54,COTTON,14,2,3.4
17,3,5.2,COTTON,10,0,44.4
41,4,4.82,WHEAT,8,2,48.6
12,5,6.42,COTTON,16,1,19.2
35,3,6.07,PADDY,12,0,94.5
43,4,7.2,CHANA,8,3,68.1
1,3,6.68,WHEAT,8,2,4.6
55,4,6.03,SOYBEAN,8,5,73.2
45,5,5.71,WHEAT,16,4,52.6
15,4,5.71,PADDY,15,1,24.3
26,4,5.18,MAIZE,13,2,36.4
37,4,4.55,SOYBEAN,13,0,44.0
21,4,6.22,CHANA,13,2,33.1
49,2,5.14,COTTON,11,1,188.2
31,3,5.12,WHEAT,12,4,60.8
25,4,4.88,SOYBEAN,10,4,35.2
23,4,5.07,WHEAT,10,4,35.3
24,4,4.6,CHANA,14,5,28.0
57,3,6.52,WHEAT,12,1,146.3
38,4,5.7,SOYBEAN,15,5,46.9
28,3,6.18,PADDY,12,5,76.1
21,5,6.41,MAIZE,11,2,32.2
54,4,7.42,SOYBEAN,10,1,111.9
43,2,4.7,WHEAT,9,1,96.1
18,2,5.75,CHANA,10,2,56.3
36,6,5.24,COTTON,14,3,41.5
35,3,5.93,COTTON,15,5,82.9
45,5,7.26,CHANA,12,4,74.1
55,2,6.67,WHEAT,8,0,176.6
9,5,6.49,MAIZE,10,5,15.1
53,5,5.82,CHANA,11,0,67.6
38,4,6.51,WHEAT,11,2,71.5
58,2,4.6,SOYBEAN,8,0,121.6
30,3,6.26,MAIZE,16,3,59.9
44,4,6.16,PADDY,11,1,89.1
34,4,5.54,WHEAT,9,4,43.1
32,3,5.1,COTTON,16,0,66.8
3,2,6.92,COTTON,11,0,17.3
3,4,4.66,MAIZE,11,2,3.1
28,4,4.71,PADDY,13,2,39.6
44,3,5.82,WHEAT,15,1,79.8
15,2,5.26,PADDY,12,4,50.4
41,6,6.74,SOYBEAN,15,0,41.9
23,4,6.4,PADDY,8,1,37.9
40,4,6.82,SOYBEAN,11,4,77.1
11,4,5.47,COTTON,8,1,15.9
48,2,6.72,SOYBEAN,10,0,179.6
32,3,7.09,WHEAT,14,2,80.9
58,3,5.54,MAIZE,8,2,100.7
59,5,5.52,MAIZE,12,2,75.9
57,4,7.2,WHEAT,8,3,96.8
54,3,4.65,WHEAT,13,1,87.9
36,6,5.55,WHEAT,16,0,31.3
33,3,4.86,CHANA,10,1,61.5
24,6,4.59,SOYBEAN,13,2,18.8
39,6,4.84,WHEAT,11,5,36.0
34,3,5.79,MAIZE,13,5,67.4
56,3,6.56,PADDY,9,1,127.8
28,4,5.37,PADDY,11,4,46.8
37,4,7.05,CHANA,14,5,65.2
7,4,5.81,SOYBEAN,13,5,10.6
4,6,7.4,SOYBEAN,16,1,3.8
37,4,7.36,SOYBEAN,14,3,67.9
56,3,6.82,MAIZE,8,3,118.4
1,3,7.3,MAIZE,13,2,2.6
1,4,6.62,CHANA,10,0,3.5
47,3,7.19,SOYBEAN,15,4,102.4
20,4,5.21,SOYBEAN,8,0,22.9
19,3,5.54,WHEAT,9,0,30.7
29,3,6.76,SOYBEAN,10,4,71.7
10,2,5.77,MAIZE,10,3,34.5
18,4,7.01,WHEAT,14,5,35.5
28,3,7.13,WHEAT,15,2,61.9
35,4,5.4,SOYBEAN,16,1,41.1
43,4,6.97,PADDY,14,3,87.5
47,4,4.96,COTTON,15,2,73.6
31,4,5.5,MAIZE,13,5,44.1
27,2,6.05,PADDY,9,3,85.8
11,4,5.18,SOYBEAN,8,4,12.3
49,2,6.24,SOYBEAN,10,0,170.5
49,4,6.24,PADDY,16,4,82.3
38,3,5.12,SOYBEAN,14,5,67.6
5,4,6.89,MAIZE,9,1,8.2
8,5,6.39,WHEAT,8,4,11.4
34,4,5.45,CHANA,9,5,38.5
48,4,5.2,SOYBEAN,10,0,73.4
52,4,7.14,SOYBEAN,13,3,90.5
56,2,7.01,PADDY,16,2,210.6
12,5,5.19,WHEAT,15,5,12.3
38,3,4.61,PADDY,16,5,60.2
1,6,6.91,MAIZE,15,1,2.3
31,4,6.35,PADDY,14,3,57.8
4,4,4.8,SOYBEAN,13,5,3.4
49,4,6.26,WHEAT,15,5,72.9
45,4,5.86,MAIZE,13,2,65.3
50,4,6.82,SOYBEAN,9,0,76.3
5,2,5.13,MAIZE,16,4,10.5
30,4,5.86,SOYBEAN,16,3,39.4
56,4,4.97,SOYBEAN,10,2,75.4
24,5,7.37,SOYBEAN,16,2,29.3
59,4,6.84,CHANA,9,4,86.9
3,2,6.71,COTTON,10,3,15.1
11,3,6.57,WHEAT,13,3,23.8
45,4,5.77,CHANA,11,0,71.2
4,3,7.27,COTTON,15,3,12.8
26,3,4.72,MAIZE,8,5,36.8
27,5,6.91,COTTON,13,4,52.2
46,4,5.15,COTTON,9,3,71.5
54,4,5.47,CHANA,13,0,74.1
43,3,6.06,WHEAT,8,2,82.1
27,4,6.85,PADDY,9,5,47.5
42,3,7.02,COTTON,16,3,121.3
51,4,6.25,PADDY,13,4,92.2
50,2,5.71,PADDY,15,3,153.6
6,5,7.34,SOYBEAN,14,1,9.0
59,4,5.24,PADDY,16,0,81.4
15,4,6.91,MAIZE,16,2,23.0
53,4,6.34,MAIZE,11,1,97.0
30,4,5.63,SOYBEAN,14,4,43.1
42,3,4.5,WHEAT,12,3,74.3
37,4,5.84,WHEAT,14,0,58.9
58,3,5.33,MAIZE,11,5,117.4
37,5,4.81,SOYBEAN,8,3,32.0
42,5,4.73,WHEAT,11,3,48.5
37,3,5.54,COTTON,10,3,101.4
35,5,6.34,WHEAT,16,5,43.7
23,4,7.01,SOYBEAN,12,3,45.2
6,3,5.05,MAIZE,11,0,11.8
4,6,5.77,COTTON,15,5,4.2
18,4,5.68,PADDY,12,5,31.9
9,4,6.04,PADDY,10,1,17.8
49,4,6.93,PADDY,9,4,89.5
29,3,6.16,MAIZE,15,5,57.7
13,6,7.04,SOYBEAN,9,1,14.5
59,3,6.06,PADDY,15,0,126.8
47,3,6.31,WHEAT,12,4,118.7
52,4,5.81,PADDY,15,5,80.3
17,4,6.97,CHANA,12,2,33.2
45,4,7.27,MAIZE,8,1,77.9
32,3,6.42,CHANA,9,0,59.4
48,3,6.96,PADDY,13,0,131.7
22,3,4.68,PADDY,10,0,44.7
4,5,7.22,CHANA,15,4,6.8
5,3,5.07,MAIZE,12,3,9.7
37,4,5.27,MAIZE,10,2,58.4
41,4,4.66,PADDY,14,4,56.5
49,5,7.4,MAIZE,15,4,71.3
13,5,7.06,COTTON,11,5,26.6
34,3,7.24,MAIZE,16,1,77.7
45,3,7.04,CHANA,13,2,102.0
22,4,5.94,SOYBEAN,8,0,29.1
53,3,7.27,CHANA,12,4,136.6
59,4,7.41,WHEAT,12,2,129.1
23,4,6.01,COTTON,14,1,45.0
51,5,5.03,SOYBEAN,14,3,50.7
3,2,6.48,PADDY,13,2,10.0
42,5,7.43,WHEAT,15,0,58.1
34,3,7.12,WHEAT,9,4,75.0
32,4,7.09,COTTON,14,3,74.6
45,4,7.3,SOYBEAN,14,1,79.5
51,4,7.18,WHEAT,11,0,108.6
58,4,6.83,SOYBEAN,9,3,89.4
49,5,6.65,SOYBEAN,11,5,74.2
21,5,5.29,MAIZE,11,5,25.1
46,5,6.36,WHEAT,13,1,60.5
44,2,6.06,SOYBEAN,14,0,133.0
21,5,7.09,COTTON,10,4,46.0
44,4,5.98,WHEAT,8,1,62.9
11,3,4.88,COTTON,10,3,27.1
39,3,4.51,COTTON,16,0,72.4
4,3,6.53,SOYBEAN,8,5,7.9
51,2,6.15,SOYBEAN,15,5,140.6
1,4,5.49,MAIZE,9,2,2.6
28,6,5.01,MAIZE,13,0,22.2
24,4,5.9,WHEAT,10,3,39.6
35,4,4.8,MAIZE,14,3,43.2
13,6,5.51,PADDY,9,2,12.8
47,3,5.64,WHEAT,11,3,104.6
34,5,5.9,COTTON,16,0,48.3
11,4,5.9,MAIZE,13,5,18.7
36,4,5.27,MAIZE,11,1,52.6
51,3,7.05,MAIZE,9,5,111.8
17,4,5.57,SOYBEAN,16,5,22.5
35,2,5.19,COTTON,11,0,139.2
18,4,5.03,MAIZE,16,3,23.1
40,3,5.47,CHANA,9,2,62.1
22,5,4.7,CHANA,14,2,20.5
57,4,4.6,COTTON,12,4,98.7
24,3,6.32,MAIZE,15,2,47.0
58,4,6.36,PADDY,15,2,99.8
19,3,6.09,PADDY,11,3,53.8
37,4,6.79,WHEAT,11,1,74.5
39,6,4.62,WHEAT,15,1,25.5
21,4,7.31,MAIZE,10,3,41.9
8,2,4.79,WHEAT,14,2,20.0
28,4,6.52,SOYBEAN,15,0,42.7
5,4,4.9,PADDY,15,5,5.3
17,5,7.14,COTTON,11,5,36.4
37,2,6.03,MAIZE,16,1,106.3
36,4,4.75,MAIZE,11,3,48.8
54,4,6.35,CHANA,15,0,77.6
19,3,4.53,PADDY,13,2,33.1
27,3,6.83,PADDY,12,3,82.6
53,4,6.45,PADDY,11,1,113.1
34,5,5.14,WHEAT,12,0,42.4
11,5,5.62,SOYBEAN,8,0,14.2
54,4,4.52,COTTON,14,1,82.7
45,4,6.58,WHEAT,15,0,72.2
47,3,5.47,SOYBEAN,16,5,76.0
12,6,6.21,PADDY,10,1,15.0
54,6,7.37,SOYBEAN,16,5,57.4
21,5,5.4,WHEAT,12,3,25.2
54,4,7.47,PADDY,13,4,120.9
11,3,6.4,WHEAT,8,2,22.8
39,5,5.23,COTTON,16,3,49.2
28,4,5.81,PADDY,16,5,43.6
5,3,6.72,SOYBEAN,13,2,12.2
17,4,5.84,WHEAT,15,2,24.7
56,2,4.71,CHANA,11,5,143.4
20,2,5.01,SOYBEAN,12,5,58.2
41,4,6.87,SOYBEAN,12,1,77.5
46,4,6.45,PADDY,14,4,86.6
58,5,6.21,MAIZE,14,5,75.9
12,3,5.0,SOYBEAN,14,2,21.4
6,3,7.01,WHEAT,12,2,17.1
17,3,7.38,CHANA,11,3,44.6
51,2,4.62,COTTON,15,4,144.5
19,2,4.73,CHANA,8,4,37.9
26,4,7.15,WHEAT,8,2,46.0
48,4,6.95,PADDY,13,4,100.3
44,4,6.35,WHEAT,9,3,65.5
44,6,7.33,MAIZE,10,1,66.1
52,4,6.44,MAIZE,11,2,95.3
32,2,5.15,MAIZE,9,0,76.4
6,3,6.69,SOYBEAN,14,2,13.0
55,5,6.44,PADDY,8,2,75.2
58,4,7.46,MAIZE,10,1,127.2
36,5,5.14,COTTON,9,5,45.7
38,5,6.29,COTTON,16,5,56.9
11,5,6.84,WHEAT,15,0,14.5
33,5,5.52,MAIZE,10,0,43.1
24,4,5.64,SOYBEAN,12,0,38.7
23,3,7.16,COTTON,10,5,84.8
15,6,5.71,CHANA,13,1,13.9
27,4,6.37,PADDY,12,4,58.1
11,2,7.17,CHANA,9,0,34.2
57,4,5.13,COTTON,15,4,87.9
51,4,7.45,COTTON,13,3,125.9
50,5,6.61,WHEAT,10,1,80.3
17,4,5.99,WHEAT,8,4,21.9
51,3,5.79,MAIZE,12,5,114.3
53,6,7.36,PADDY,9,5,69.8
14,5,5.12,MAIZE,9,0,11.9
27,4,5.44,WHEAT,16,0,36.2
18,3,5.42,SOYBEAN,14,4,30.4
28,4,5.37,PADDY,13,5,43.3
51,4,5.91,SOYBEAN,8,4,69.4
47,2,7.47,MAIZE,9,3,161.4
47,3,7.17,WHEAT,14,1,119.1
4,4,5.48,PADDY,10,5,8.9
7,4,5.77,MAIZE,9,2,11.0
45,4,6.51,COTTON,13,5,99.0
35,3,4.55,MAIZE,15,3,48.2
48,4,6.96,CHANA,15,5,71.5
9,4,7.14,COTTON,9,3,18.8
8,3,7.07,SOYBEAN,13,5,14.2
52,2,5.63,COTTON,12,3,220.9
45,4,5.89,MAIZE,14,0,68.0
17,6,4.54,COTTON,11,4,19.5
17,4,5.7,CHANA,9,5,20.8
49,3,5.88,MAIZE,10,1,111.3
33,3,7.22,CHANA,16,0,69.5
32,5,7.18,COTTON,15,3,53.7
8,3,7.4,CHANA,16,1,17.7
19,4,7.16,COTTON,12,0,51.3
38,4,4.52,PADDY,12,2,54.2
3,3,6.42,COTTON,14,5,10.0
59,5,4.7,WHEAT,14,5,57.8
5,4,5.32,CHANA,8,3,6.8
13,4,6.23,CHANA,12,0,21.9
47,3,6.6,SOYBEAN,15,0,90.7
46,2,6.46,SOYBEAN,14,3,148.7
31,4,4.65,WHEAT,9,2,35.0
55,4,4.81,CHANA,15,5,59.6
16,3,4.89,CHANA,9,4,24.2
50,2,4.77,SOYBEAN,8,2,109.5
32,2,5.03,SOYBEAN,10,3,91.4
22,6,6.57,COTTON,10,4,35.6
29,4,6.99,MAIZE,13,0,51.5
22,5,5.73,CHANA,10,2,28.8
43,3,6.58,CHANA,14,2,90.5
3,6,5.1,COTTON,15,5,3.9
54,3,7.42,CHANA,10,5,147.6
10,4,5.55,WHEAT,16,4,12.3
42,5,7.04,SOYBEAN,8,0,54.4
21,3,7.34,SOYBEAN,10,2,56.4
16,4,7.09,MAIZE,10,4,33.7
12,3,4.7,SOYBEAN,14,2,21.2
2,3,6.45,PADDY,12,5,7.7
41,4,4.86,WHEAT,11,0,58.2
24,4,4.52,WHEAT,9,0,28.1
35,4,4.66,COTTON,14,1,54.4
56,4,7.25,PADDY,10,4,137.5
30,4,7.23,CHANA,14,5,52.4
57,2,5.18,MAIZE,14,5,152.8
30,3,6.14,WHEAT,9,5,59.3
47,6,7.37,PADDY,14,3,66.2
35,2,5.99,PADDY,13,2,125.3
19,4,5.68,WHEAT,11,0,32.2
50,3,5.95,COTTON,12,2,148.9
8,4,6.87,PADDY,15,2,13.5
26,4,5.93,SOYBEAN,12,3,42.3
49,3,6.85,PADDY,10,0,147.7
40,3,5.8,CHANA,9,1,65.9
7,4,5.26,WHEAT,13,5,8.4
30,4,5.48,CHANA,13,4,37.1
7,3,4.73,COTTON,14,2,13.6
3,4,5.99,MAIZE,15,3,6.2
1,3,4.94,SOYBEAN,11,3,3.6
36,5,6.93,WHEAT,15,4,47.8
25,4,5.76,PADDY,8,4,41.5
37,3,6.8,SOYBEAN,13,0,85.4
1,4,7.36,PADDY,13,2,2.8
15,4,7.05,COTTON,10,2,40.7
37,3,7.35,MAIZE,16,4,84.6
13,4,6.2,WHEAT,12,5,21.9
40,3,5.0,COTTON,8,1,80.6
8,3,7.31,COTTON,14,2,22.3
5,3,7.11,MAIZE,10,3,12.1
9,4,7.09,COTTON,11,5,26.2
1,3,6.58,COTTON,13,4,3.1
36,4,6.37,PADDY,15,2,59.4
35,4,4.54,CHANA,11,0,44.0
2,4,6.74,PADDY,16,4,4.5
40,4,4.77,MAIZE,15,3,46.8
23,5,5.28,SOYBEAN,13,0,26.9
9,4,6.15,MAIZE,14,4,15.4
34,4,5.86,MAIZE,15,4,44.1
46,3,4.55,MAIZE,9,2,68.3
14,5,6.97,MAIZE,12,0,24.6
4,2,7.14,COTTON,14,4,20.5
30,3,6.55,MAIZE,15,5,60.9
31,4,6.12,SOYBEAN,12,3,50.9
38,2,7.38,MAIZE,10,0,161.4
11,3,4.86,PADDY,13,5,20.9
35,4,6.71,COTTON,12,2,88.1
8,4,4.89,PADDY,15,1,12.0
3,4,5.65,COTTON,16,4,5.0
14,5,6.26,PADDY,16,1,17.5
13,3,6.71,WHEAT,13,4,31.3
45,2,4.51,CHANA,11,5,108.9
32,4,5.28,CHANA,11,2,43.4
34,3,6.11,COTTON,16,2,85.0
45,4,6.1,WHEAT,11,2,80.9
19,3,6.41,SOYBEAN,15,2,36.9
59,4,5.41,WHEAT,16,0,77.9
38,4,6.12,COTTON,12,0,88.2
16,4,5.07,WHEAT,13,4,22.1
2,4,5.06,SOYBEAN,10,0,2.9
40,4,6.23,COTTON,12,4,95.3
17,3,6.56,CHANA,12,0,37.1
55,2,4.86,MAIZE,9,0,123.3
34,2,4.87,WHEAT,13,0,86.3
42,4,6.2,CHANA,16,3,56.1
16,4,5.31,CHANA,14,2,19.3
38,4,5.68,PADDY,15,3,57.3
2,3,5.7,SOYBEAN,9,0,3.2
2,4,5.04,MAIZE,16,0,2.2
26,5,4.5,WHEAT,10,3,27.9
13,3,7.06,CHANA,12,5,34.0
56,3,6.65,CHANA,14,4,118.7
47,3,6.57,SOYBEAN,11,2,114.6
31,4,6.14,MAIZE,14,4,50.3
34,4,6.6,MAIZE,15,5,50.8
39,3,7.31,CHANA,11,2,101.9
3,4,6.5,CHANA,12,1,4.1
8,3,5.3,CHANA,10,2,15.0
23,4,6.21,CHANA,12,4,40.3
14,4,5.83,PADDY,15,2,22.5
56,4,6.17,PADDY,10,1,112.8
55,2,6.05,MAIZE,12,1,195.2
27,5,7.08,COTTON,8,0,45.4
54,4,6.46,WHEAT,9,1,80.4
29,3,5.07,SOYBEAN,10,3,57.6
39,3,4.69,COTTON,8,4,72.9
53,4,5.77,PADDY,16,3,81.2
39,5,4.55,PADDY,16,5,37.5
1,5,5.45,PADDY,12,3,2.3
17,4,5.6,COTTON,11,4,33.2
41,5,5.63,PADDY,12,5,60.5
30,2,7.44,COTTON,11,3,168.0
53,2,5.41,PADDY,12,3,191.7
13,5,5.3,CHANA,14,5,12.5
21,4,4.89,CHANA,15,3,21.9
19,4,6.03,WHEAT,9,1,28.4
53,4,4.96,PADDY,11,4,87.6
19,6,6.35,WHEAT,15,4,18.0
57,4,4.97,COTTON,14,4,95.7
25,5,6.23,WHEAT,16,3,28.5
22,4,6.98,PADDY,12,1,51.9
31,3,4.63,COTTON,13,4,64.0
17,5,5.76,COTTON,15,2,21.9
55,3,5.88,CHANA,12,4,113.9
23,5,6.87,COTTON,16,0,37.9
32,4,5.9,COTTON,11,2,70.2
10,4,6.2,WHEAT,15,4,14.4
10,4,6.87,MAIZE,10,3,19.8
36,2,6.18,COTTON,12,4,165.1
8,3,5.57,SOYBEAN,15,1,12.3
54,6,4.76,MAIZE,14,1,43.9
52,6,6.69,CHANA,8,4,50.8
20,3,7.11,CHANA,11,3,52.7
32,6,7.41,COTTON,9,3,49.5
50,5,7.28,WHEAT,9,3,68.8
14,4,6.89,MAIZE,14,4,24.6
50,2,6.43,CHANA,10,4,173.8
28,5,6.84,CHANA,10,0,42.6
46,4,5.8,SOYBEAN,13,1,65.9
52,5,6.28,COTTON,13,2,86.4
53,5,5.55,MAIZE,8,2,52.2
24,5,5.48,CHANA,8,1,21.6
15,4,6.77,CHANA,13,5,24.1
22,3,5.86,CHANA,14,0,43.0
30,3,5.14,CHANA,16,1,45.0
4,3,5.11,WHEAT,11,0,8.2
13,2,7.08,PADDY,13,5,54.1
59,4,6.53,SOYBEAN,10,0,109.9
23,4,6.14,WHEAT,11,3,42.4
8,5,5.7,SOYBEAN,16,1,8.2
18,3,5.79,CHANA,8,2,29.5
12,4,4.67,SOYBEAN,12,4,13.8
55,2,5.86,COTTON,14,5,219.2
31,2,6.89,COTTON,10,5,162.4
14,2,5.66,PADDY,9,4,41.9
34,4,5.65,PADDY,9,1,53.8
18,2,4.55,SOYBEAN,8,4,36.9
56,4,5.87,WHEAT,12,0,95.8
34,3,4.58,WHEAT,10,4,63.0
11,5,6.21,CHANA,14,0,11.3
41,5,6.02,WHEAT,8,0,46.3
12,6,7.02,PADDY,16,2,13.1
49,5,6.25,WHEAT,9,4,56.9
15,5,5.47,CHANA,15,2,14.6
57,5,6.05,COTTON,11,4,104.7
31,4,6.6,WHEAT,13,0,52.0
49,3,4.78,WHEAT,16,4,76.9
58,3,6.36,PADDY,14,5,141.5
29,3,7.25,SOYBEAN,15,5,63.4
26,4,5.4,COTTON,14,2,47.4
18,4,6.38,SOYBEAN,9,3,26.3
32,5,6.96,CHANA,16,5,40.3
22,6,6.04,CHANA,8,2,14.8
38,4,6.65,SOYBEAN,9,3,55.9
17,4,5.43,PADDY,10,1,30.7
23,6,5.42,MAIZE,10,2,26.6
24,3,6.5,PADDY,11,5,67.9
50,4,6.62,MAIZE,12,5,95.3
8,3,7.31,MAIZE,13,4,21.1
41,4,5.17,PADDY,8,3,54.6
6,3,5.9,MAIZE,15,5,11.0
5,5,5.25,MAIZE,13,4,5.2
44,4,4.74,MAIZE,16,3,47.6
57,3,5.71,COTTON,12,2,164.6
29,3,5.62,CHANA,14,2,55.7
28,4,5.31,MAIZE,11,4,43.3
11,6,5.39,CHANA,13,2,6.2
57,4,5.58,CHANA,13,4,75.5
1,4,7.47,COTTON,11,0,5.0
43,3,6.85,CHANA,13,3,94.5
19,4,4.71,SOYBEAN,15,4,18.4
9,4,7.12,WHEAT,12,3,20.0
27,4,6.4,COTTON,9,0,51.6
34,3,7.17,WHEAT,16,3,77.3
44,4,5.53,SOYBEAN,11,4,66.4
4,4,5.89,PADDY,11,2,7.2
36,6,7.19,PADDY,14,3,50.7
18,5,5.32,MAIZE,13,3,19.5
15,4,7.25,PADDY,11,5,36.5
51,4,6.99,COTTON,13,5,120.0
13,3,7.44,PADDY,10,0,41.1
19,5,5.47,COTTON,14,1,30.5
49,4,5.21,COTTON,13,2,85.5
6,3,5.49,WHEAT,10,4,10.9
48,4,7.36,PADDY,8,0,90.7
56,5,5.5,CHANA,12,4,67.0
12,3,6.2,PADDY,9,4,25.0
51,4,5.71,PADDY,14,3,86.5
37,4,5.69,PADDY,14,0,62.0
17,2,5.08,MAIZE,11,0,55.8
58,3,6.11,CHANA,13,5,112.2
23,5,7.05,CHANA,8,2,29.9
26,5,4.65,COTTON,9,1,27.8
29,3,7.17,CHANA,13,4,68.2
33,5,6.5,COTTON,9,2,54.3
27,4,6.35,WHEAT,11,5,50.1
25,4,6.38,COTTON,11,2,59.1
56,4,5.39,PADDY,16,4,80.0
55,6,5.75,SOYBEAN,14,3,51.4
10,4,6.9,SOYBEAN,14,3,19.6
47,3,5.42,MAIZE,8,4,78.7
23,5,5.91,PADDY,12,5,36.6
21,4,4.56,COTTON,10,5,36.9
21,3,6.7,PADDY,10,0,63.3
43,4,5.75,MAIZE,13,1,63.0
13,4,6.08,CHANA,11,3,22.6
37,5,4.84,COTTON,15,1,45.5
33,4,7.48,PADDY,11,2,81.3
24,3,5.41,CHANA,15,2,35.8
44,4,6.4,MAIZE,11,4,83.5
11,4,6.24,CHANA,10,4,18.9
17,3,6.86,COTTON,12,4,58.7
4,4,5.38,MAIZE,12,5,7.2
47,5,6.77,MAIZE,8,3,61.4
25,2,5.65,MAIZE,15,1,65.4
30,4,5.73,WHEAT,15,2,42.7
9,3,6.52,MAIZE,15,1,18.3
21,3,6.85,WHEAT,11,3,57.5
20,4,6.5,CHANA,16,1,27.5
19,3,7.2,WHEAT,10,1,53.4
19,5,5.36,CHANA,14,5,21.3
12,3,7.2,WHEAT,13,4,27.3
37,4,4.89,CHANA,16,5,40.6
42,2,6.48,CHANA,11,5,148.3
17,6,6.14,MAIZE,11,1,22.6
37,4,5.98,MAIZE,13,1,58.5
54,4,5.43,CHANA,15,5,64.4
48,3,6.01,MAIZE,10,1,109.3
39,4,4.99,CHANA,15,5,41.6
28,3,5.61,MAIZE,15,0,48.4
41,5,4.8,SOYBEAN,14,5,41.5
35,4,6.22,WHEAT,14,2,58.3
47,4,4.79,CHANA,12,2,59.9
48,4,4.98,PADDY,9,1,64.2
18,4,4.76,MAIZE,9,5,19.2
14,4,5.64,MAIZE,15,5,17.4
35,4,7.03,COTTON,13,4,83.6
44,4,7.22,PADDY,15,4,84.3
41,4,4.72,PADDY,10,4,62.1
7,4,6.4,SOYBEAN,8,5,11.4
41,3,6.55,WHEAT,13,5,94.3
13,5,6.1,SOYBEAN,9,2,13.8
18,4,6.5,WHEAT,16,3,30.0
37,4,5.2,CHANA,12,1,53.8
13,5,5.97,SOYBEAN,12,2,17.6
36,2,5.67,COTTON,15,4,121.6
31,5,4.77,WHEAT,13,2,32.7
2,6,6.38,SOYBEAN,10,2,2.0
16,5,5.99,COTTON,16,2,23.1
9,5,5.33,PADDY,11,4,12.2
9,4,5.92,MAIZE,11,3,13.5
38,3,6.83,CHANA,9,0,76.2
11,4,6.9,CHANA,10,1,19.4
54,3,6.45,PADDY,11,1,154.0
56,3,5.9,SOYBEAN,14,2,108.5
22,4,6.23,MAIZE,10,3,38.9
33,3,5.66,PADDY,15,4,66.7
36,5,4.88,COTTON,15,0,42.9
45,5,5.66,MAIZE,9,0,48.3
23,5,6.09,WHEAT,11,2,34.1
45,4,6.3,SOYBEAN,15,2,65.9
45,5,7.31,MAIZE,8,4,61.2
34,5,6.83,WHEAT,8,4,45.9
9,4,4.96,PADDY,11,5,14.3
24,3,5.02,CHANA,9,4,36.3
8,5,4.8,MAIZE,8,2,8.8
7,5,6.71,MAIZE,15,3,10.4
36,4,6.62,WHEAT,9,2,54.4
18,2,7.46,WHEAT,11,2,74.5
3,4,6.07,CHANA,10,0,5.8
28,2,6.98,WHEAT,9,4,92.8
6,5,6.23,WHEAT,15,1,7.5
44,6,7.12,MAIZE,10,4,60.5
44,3,6.66,CHANA,16,5,84.9
21,4,6.43,CHANA,12,3,37.5
28,2,6.2,MAIZE,16,3,81.3
40,4,6.67,PADDY,10,4,88.0
54,3,5.76,PADDY,12,4,137.0
54,4,4.79,MAIZE,13,2,67.5
1,4,4.62,WHEAT,16,1,2.0
36,3,5.94,SOYBEAN,15,2,62.6
21,4,6.3,PADDY,9,0,33.5
43,3,4.74,PADDY,9,0,71.5
35,4,5.36,MAIZE,12,3,56.5
13,2,5.47,MAIZE,12,3,41.3
57,4,6.19,SOYBEAN,12,1,97.8
49,5,5.34,SOYBEAN,11,3,58.9
54,5,4.79,CHANA,15,5,43.6
54,5,4.99,MAIZE,12,0,62.1
10,5,5.02,PADDY,8,1,10.1
53,3,7.03,COTTON,12,0,185.6
44,3,5.35,COTTON,8,4,97.1
47,4,6.64,WHEAT,11,4,91.6
53,5,6.2,PADDY,8,1,69.9
10,6,7.43,COTTON,13,2,17.7
46,2,5.32,PADDY,13,5,144.4
13,4,4.98,MAIZE,8,5,15.2
37,3,4.66,PADDY,15,3,60.7
38,4,5.22,COTTON,11,1,76.0
24,4,6.55,PADDY,9,5,41.8
2,3,4.76,SOYBEAN,8,3,3.1
22,4,5.23,WHEAT,10,0,35.6
17,4,7.07,CHANA,14,2,30.8
36,4,6.25,COTTON,15,3,68.8
14,2,4.71,MAIZE,12,4,38.3
10,5,4.64,CHANA,14,4,10.0
35,4,4.68,WHEAT,9,0,38.6
25,5,7.33,SOYBEAN,11,1,40.7
3,5,7.05,SOYBEAN,13,3,4.1
47,3,7.03,SOYBEAN,12,0,122.0
38,3,7.27,SOYBEAN,13,4,95.4
17,4,6.02,COTTON,9,4,30.5
12,3,5.24,COTTON,14,4,28.9
54,5,5.7,PADDY,15,2,65.5
52,4,6.66,MAIZE,16,2,81.6
24,5,7.13,PADDY,13,4,39.7
29,3,5.81,MAIZE,14,5,58.1
43,3,6.11,WHEAT,8,1,81.9
25,4,7.3,PADDY,16,2,50.3
36,2,4.82,WHEAT,13,3,92.1
58,4,7.09,WHEAT,11,2,119.1
26,5,4.98,WHEAT,16,3,24.6
38,4,5.95,SOYBEAN,8,2,48.9
1,4,5.16,CHANA,9,4,2.0
20,3,6.31,CHANA,10,3,47.0
55,3,6.18,COTTON,8,1,133.9
28,6,5.64,WHEAT,9,2,26.6
16,6,7.09,SOYBEAN,9,2,17.6
47,4,6.48,PADDY,14,4,89.4
17,5,6.66,PADDY,13,3,28.0
40,4,4.95,COTTON,16,5,64.3
28,3,7.15,COTTON,12,4,98.8
58,3,5.0,WHEAT,16,3,94.4
12,5,5.17,WHEAT,16,2,13.2
27,3,4.88,PADDY,9,2,45.7
54,4,5.82,PADDY,16,2,84.4
53,4,7.16,PADDY,10,2,123.8
42,4,5.26,PADDY,10,0,72.2
59,4,5.62,CHANA,16,2,69.3
47,3,7.04,WHEAT,14,2,113.8
30,3,6.35,WHEAT,15,5,60.9
41,4,6.75,PADDY,14,5,82.1
34,4,5.14,SOYBEAN,16,3,40.1
37,4,6.65,PADDY,15,2,66.4
6,4,5.18,MAIZE,11,2,9.2
7,3,7.46,COTTON,9,3,22.2
32,5,6.18,MAIZE,12,2,47.3
32,4,6.59,SOYBEAN,9,2,47.9
53,3,4.86,COTTON,11,4,128.9
25,4,5.25,SOYBEAN,9,0,29.4
33,5,4.92,COTTON,12,3,47.8
55,5,5.67,PADDY,13,4,74.6
58,3,5.35,PADDY,8,5,107.7
7,4,6.7,SOYBEAN,15,1,10.3
52,2,4.83,COTTON,9,1,153.4
57,2,6.76,CHANA,12,5,207.5
12,4,4.64,SOYBEAN,15,0,10.5
16,4,5.11,SOYBEAN,12,1,19.5
16,4,6.88,MAIZE,10,0,31.4
43,3,6.73,WHEAT,13,1,99.5
53,2,5.93,SOYBEAN,8,1,143.1
36,4,4.65,CHANA,8,4,34.2
13,2,6.33,PADDY,15,1,44.6
7,2,5.72,COTTON,14,5,25.0
36,3,5.45,WHEAT,10,0,74.9
47,4,6.42,COTTON,15,2,89.9
51,3,5.81,PADDY,15,2,106.7
9,4,4.78,SOYBEAN,8,2,7.9
32,2,7.25,MAIZE,14,0,121.0
11,3,6.84,CHANA,9,0,22.2
8,4,4.67,WHEAT,9,2,8.1
33,3,6.08,CHANA,9,5,56.8
23,4,4.75,CHANA,12,1,32.5
25,2,7.01,CHANA,14,2,83.8
56,4,6.34,CHANA,11,3,95.5
8,3,5.02,PADDY,11,0,19.9
45,3,4.56,CHANA,16,3,62.3
22,4,4.59,MAIZE,16,3,23.3
